concept_id,category,jmdict_id,headword,reading,vi,en,quality,review_status,before_vi_rank,before_en_rank,after_vi_rank,after_en_rank,before_vi_pass,before_en_pass,after_vi_pass,after_en_pass,before_vi_reason,before_en_reason,after_vi_reason,after_en_reason
"animals-01","animals","1467640","猫","ねこ","mèo","cat","A","PENDING_REVIEW","","2","1","2","FAIL","PASS","PASS","PASS","MISSING_VI_GLOSS","","",""
"animals-02","animals","1258330","犬","いぬ","chó","dog","A","PENDING_REVIEW","","3","1","1","FAIL","PASS","PASS","PASS","MISSING_VI_GLOSS","","",""
"animals-03","animals","1137760","ライオン","ライオン","sư tử","lion","A","PENDING_REVIEW","","19","1","3","FAIL","FAIL","PASS","PASS","MISSING_VI_GLOSS","WRONG_ENTRY_RANKING","",""
"animals-04","animals","1351830","象","ぞう","voi","elephant","A","PENDING_REVIEW","","2","1","2","FAIL","PASS","PASS","PASS","MISSING_VI_GLOSS","","",""
"animals-05","animals","1267610","虎","とら","hổ","tiger","A","PENDING_REVIEW","","2","1","1","FAIL","PASS","PASS","PASS","MISSING_VI_GLOSS","","",""
"animals-06","animals","1246850","熊","くま","gấu","bear","A","PENDING_REVIEW","","1","1","1","FAIL","PASS","PASS","PASS","MISSING_VI_GLOSS","","",""
"animals-07","animals","1443970","兎","うさぎ","thỏ","rabbit","A","PENDING_REVIEW","","","1","1","FAIL","FAIL","PASS","PASS","MISSING_VI_GLOSS","WRONG_ENTRY_RANKING","",""
"animals-08","animals","1471560","馬","うま","ngựa","horse","A","PENDING_REVIEW","","7","1","1","FAIL","PASS","PASS","PASS","MISSING_VI_GLOSS","","",""
"animals-09","animals","1231490","牛","うし","bò","cow","A","PENDING_REVIEW","","","1","5","FAIL","FAIL","PASS","PASS","MISSING_VI_GLOSS","WRONG_ENTRY_RANKING","",""
"animals-10","animals","1457390","豚","ぶた","lợn","pig","A","PENDING_REVIEW","","4","1","2","FAIL","PASS","PASS","PASS","MISSING_VI_GLOSS","","",""
"animals-11","animals","1546490","羊","ひつじ","cừu","sheep","A","PENDING_REVIEW","","4","1","1","FAIL","PASS","PASS","PASS","MISSING_VI_GLOSS","","",""
"animals-12","animals","1303200","山羊","やぎ","dê","goat","A","PENDING_REVIEW","","1","1","1","FAIL","PASS","PASS","PASS","MISSING_VI_GLOSS","","",""
"animals-13","animals","1252990","鶏","にわとり","gà","chicken","A","PENDING_REVIEW","","4","1","1","FAIL","PASS","PASS","PASS","MISSING_VI_GLOSS","","",""
"animals-14","animals","1191810","アヒル","アヒル","vịt","duck","A","PENDING_REVIEW","","19","1","","FAIL","FAIL","PASS","FAIL","MISSING_VI_GLOSS","WRONG_ENTRY_RANKING","","WRONG_ENTRY_RANKING"
"animals-15","animals","1177390","猿","さる","khỉ","monkey","A","PENDING_REVIEW","","3","1","1","FAIL","PASS","PASS","PASS","MISSING_VI_GLOSS","","",""
"animals-16","animals","1319030","鹿","しか","hươu","deer","A","PENDING_REVIEW","","7","1","3","FAIL","PASS","PASS","PASS","MISSING_VI_GLOSS","","",""
"animals-17","animals","1267340","狐","きつね","cáo","fox","A","PENDING_REVIEW","","1","1","1","FAIL","PASS","PASS","PASS","MISSING_VI_GLOSS","","",""
"animals-18","animals","1560940","狼","おおかみ","sói","wolf","A","PENDING_REVIEW","","3","1","1","FAIL","PASS","PASS","PASS","MISSING_VI_GLOSS","","",""
"animals-19","animals","1397840","ネズミ","ネズミ","chuột","mouse","A","PENDING_REVIEW","","","1","2","FAIL","FAIL","PASS","PASS","MISSING_VI_GLOSS","WRONG_ENTRY_RANKING","",""
"animals-20","animals","1246890","栗鼠","りす","sóc","squirrel","A","PENDING_REVIEW","","2","1","2","FAIL","PASS","PASS","PASS","MISSING_VI_GLOSS","","",""
"animals-21","animals","1321690","シマウマ","シマウマ","ngựa vằn","zebra","A","PENDING_REVIEW","","3","1","3","FAIL","PASS","PASS","PASS","MISSING_VI_GLOSS","","",""
"animals-22","animals","1193590","河馬","かば","hà mã","hippopotamus","A","PENDING_REVIEW","","2","1","1","FAIL","PASS","PASS","PASS","MISSING_VI_GLOSS","","",""
"animals-23","animals","1103210","パンダ","パンダ","gấu trúc","panda","A","PENDING_REVIEW","","2","1","2","FAIL","PASS","PASS","PASS","MISSING_VI_GLOSS","","",""
"animals-24","animals","1562640","鰐","わに","cá sấu","crocodile","A","PENDING_REVIEW","","","1","1","FAIL","FAIL","PASS","PASS","MISSING_VI_GLOSS","WRONG_ENTRY_RANKING","",""
"animals-25","animals","1323350","蛇","へび","rắn","snake","A","PENDING_REVIEW","","3","1","1","FAIL","PASS","PASS","PASS","MISSING_VI_GLOSS","","",""
"animals-26","animals","1224260","亀","かめ","rùa","turtle","A","PENDING_REVIEW","","2","1","2","FAIL","PASS","PASS","PASS","MISSING_VI_GLOSS","","",""
"animals-27","animals","1577460","蛙","かえる","ếch","frog","A","PENDING_REVIEW","","1","1","1","FAIL","PASS","PASS","PASS","MISSING_VI_GLOSS","","",""
"animals-28","animals","1578010","魚","さかな","cá","fish","A","PENDING_REVIEW","1","1","1","1","PASS","PASS","PASS","PASS","","","",""
"animals-29","animals","1299670","サメ","サメ","cá mập","shark","A","PENDING_REVIEW","","1","1","2","FAIL","PASS","PASS","PASS","MISSING_VI_GLOSS","","",""
"animals-30","animals","1253270","クジラ","クジラ","cá voi","whale","A","PENDING_REVIEW","","","1","2","FAIL","FAIL","PASS","PASS","MISSING_VI_GLOSS","WRONG_ENTRY_RANKING","",""
"animals-31","animals","1201670","海豚","いるか","cá heo","dolphin","A","PENDING_REVIEW","","2","1","1","FAIL","PASS","PASS","PASS","MISSING_VI_GLOSS","","",""
"animals-32","animals","1596910","タコ","タコ","bạch tuộc","octopus","A","PENDING_REVIEW","","3","1","1","FAIL","PASS","PASS","PASS","MISSING_VI_GLOSS","","",""
"animals-33","animals","1202410","蟹","かに","cua","crab","A","PENDING_REVIEW","","1","1","1","FAIL","PASS","PASS","PASS","MISSING_VI_GLOSS","","",""
"animals-34","animals","1588720","海老","えび","tôm","shrimp","A","PENDING_REVIEW","","","1","3","FAIL","FAIL","PASS","PASS","MISSING_VI_GLOSS","WRONG_ENTRY_RANKING","",""
"animals-35","animals","1429010","蝶","ちょう","bướm","butterfly","A","PENDING_REVIEW","","1","1","1","FAIL","PASS","PASS","PASS","MISSING_VI_GLOSS","","",""
"animals-36","animals","1517840","蜂","はち","ong","bee","A","PENDING_REVIEW","","","1","1","FAIL","FAIL","PASS","PASS","MISSING_VI_GLOSS","WRONG_ENTRY_RANKING","",""
"animals-37","animals","1196540","蚊","か","muỗi","mosquito","A","PENDING_REVIEW","","1","1","1","FAIL","PASS","PASS","PASS","MISSING_VI_GLOSS","","",""
"animals-38","animals","1225940","蟻","あり","kiến","ant","A","PENDING_REVIEW","","1","1","1","FAIL","PASS","PASS","PASS","MISSING_VI_GLOSS","","",""
"food-drinks-01","food-drinks","1270590","ご飯","ごはん","cơm","cooked rice","A","PENDING_REVIEW","1","3","1","1","PASS","PASS","PASS","PASS","","","",""
"food-drinks-02","food-drinks","1103090","パン","パン","bánh mì","bread","A","PENDING_REVIEW","","3","1","1","FAIL","PASS","PASS","PASS","MISSING_VI_GLOSS","","",""
"food-drinks-03","food-drinks","1533610","麺","めん","mì","noodles","A","PENDING_REVIEW","","2","1","1","FAIL","PASS","PASS","PASS","MISSING_VI_GLOSS","","",""
"food-drinks-04","food-drinks","1463520","肉","にく","thịt","meat","A","PENDING_REVIEW","1","1","1","16","PASS","PASS","PASS","FAIL","","","","WRONG_ENTRY_RANKING"
"food-drinks-05","food-drinks","1231580","牛肉","ぎゅうにく","thịt bò","beef","A","PENDING_REVIEW","1","1","1","1","PASS","PASS","PASS","PASS","","","",""
"food-drinks-06","food-drinks","1457440","豚肉","ぶたにく","thịt lợn","pork","A","PENDING_REVIEW","1","1","1","1","PASS","PASS","PASS","PASS","","","",""
"food-drinks-07","food-drinks","1253020","鶏肉","とりにく","thịt gà","chicken meat","A","PENDING_REVIEW","1","1","1","1","PASS","PASS","PASS","PASS","","","",""
"food-drinks-08","food-drinks","1549140","卵","たまご","trứng","egg","A","PENDING_REVIEW","1","1","1","3","PASS","PASS","PASS","PASS","","","",""
"food-drinks-09","food-drinks","1450070","豆腐","とうふ","đậu phụ","tofu","A","PENDING_REVIEW","","12","1","2","FAIL","FAIL","PASS","PASS","MISSING_VI_GLOSS","WRONG_ENTRY_RANKING","",""
"food-drinks-10","food-drinks","1077330","チーズ","チーズ","phô mai","cheese","A","PENDING_REVIEW","","3","1","2","FAIL","PASS","PASS","PASS","MISSING_VI_GLOSS","","",""
"food-drinks-11","food-drinks","1098620","バター","バター","bơ sữa","butter","A","PENDING_REVIEW","","2","1","2","FAIL","PASS","PASS","PASS","MISSING_VI_GLOSS","","",""
"food-drinks-12","food-drinks","1231590","牛乳","ぎゅうにゅう","sữa bò","milk","A","PENDING_REVIEW","1","1","1","1","PASS","PASS","PASS","PASS","","","",""
"food-drinks-13","food-drinks","1137520","ヨーグルト","ヨーグルト","sữa chua","yogurt","A","PENDING_REVIEW","","1","1","1","FAIL","PASS","PASS","PASS","MISSING_VI_GLOSS","","",""
"food-drinks-14","food-drinks","1371260","水","みず","nước","water","A","PENDING_REVIEW","1","1","1","1","PASS","PASS","PASS","PASS","","","",""
"food-drinks-15","food-drinks","1002430","お茶","おちゃ","trà","tea","A","PENDING_REVIEW","1","1","1","1","PASS","PASS","PASS","PASS","","","",""
"food-drinks-16","food-drinks","1280770","紅茶","こうちゃ","trà đen","black tea","A","PENDING_REVIEW","","1","1","1","FAIL","PASS","PASS","PASS","MISSING_VI_GLOSS","","",""
"food-drinks-17","food-drinks","1049180","珈琲","コーヒー","cà phê","coffee","A","PENDING_REVIEW","1","1","1","1","PASS","PASS","PASS","PASS","","","",""
"food-drinks-18","food-drinks","1065950","ジュース","ジュース","nước ép","juice","A","PENDING_REVIEW","1","3","1","1","PASS","PASS","PASS","PASS","","","",""
"food-drinks-19","food-drinks","2796520","ビール","ビール","bia","beer","A","PENDING_REVIEW","","3","1","3","FAIL","PASS","PASS","PASS","MISSING_VI_GLOSS","","",""
"food-drinks-20","food-drinks","1148850","ワイン","ワイン","rượu vang","wine","A","PENDING_REVIEW","","","1","1","FAIL","FAIL","PASS","PASS","MISSING_VI_GLOSS","WRONG_ENTRY_RANKING","",""
"food-drinks-21","food-drinks","1291600","砂糖","さとう","đường ăn","sugar","A","PENDING_REVIEW","","1","1","1","FAIL","PASS","PASS","PASS","MISSING_ALIAS","","",""
"food-drinks-22","food-drinks","1576630","塩","しお","muối","salt","A","PENDING_REVIEW","1","","1","2","PASS","FAIL","PASS","PASS","","WRONG_ENTRY_RANKING","",""
"food-drinks-23","food-drinks","1595020","醤油","しょうゆ","nước tương","soy sauce","A","PENDING_REVIEW","","","1","1","FAIL","FAIL","PASS","PASS","MISSING_VI_GLOSS","WRONG_ENTRY_RANKING","",""
"food-drinks-24","food-drinks","1370270","酢","す","giấm","vinegar","A","PENDING_REVIEW","","1","1","1","FAIL","PASS","PASS","PASS","MISSING_VI_GLOSS","","",""
"food-drinks-25","food-drinks","1538590","油","あぶら","dầu","oil","A","PENDING_REVIEW","","1","1","1","FAIL","PASS","PASS","PASS","MISSING_VI_GLOSS","","",""
"food-drinks-26","food-drinks","1267600","胡椒","こしょう","hạt tiêu","pepper","A","PENDING_REVIEW","","1","1","1","FAIL","PASS","PASS","PASS","MISSING_VI_GLOSS","","",""
"food-drinks-27","food-drinks","1348650","小麦粉","こむぎこ","bột mì","wheat flour","A","PENDING_REVIEW","","2","1","2","FAIL","PASS","PASS","PASS","MISSING_VI_GLOSS","","",""
"food-drinks-28","food-drinks","1508750","米","こめ","gạo","uncooked rice","A","PENDING_REVIEW","1","","1","2","PASS","FAIL","PASS","PASS","","MISSING_ALIAS","",""
"food-drinks-29","food-drinks","1595650","寿司","すし","sushi","sushi","A","PENDING_REVIEW","6","6","1","1","PASS","PASS","PASS","PASS","","","",""
"food-drinks-30","food-drinks","1137720","拉麺","ラーメン","mì ramen","ramen","A","PENDING_REVIEW","","","1","1","FAIL","FAIL","PASS","PASS","MISSING_VI_GLOSS","WRONG_ENTRY_RANKING","",""
"food-drinks-31","food-drinks","1039140","咖哩","カレー","cà ri","curry","A","PENDING_REVIEW","","2","1","1","FAIL","PASS","PASS","PASS","MISSING_VI_GLOSS","","",""
"food-drinks-32","food-drinks","1067040","スープ","スープ","súp","soup","A","PENDING_REVIEW","","","1","3","FAIL","FAIL","PASS","PASS","MISSING_VI_GLOSS","WRONG_ENTRY_RANKING","",""
"food-drinks-33","food-drinks","1057850","サラダ","サラダ","salad","salad","A","PENDING_REVIEW","1","1","1","1","PASS","PASS","PASS","PASS","","","",""
"food-drinks-34","food-drinks","1047860","ケーキ","ケーキ","bánh kem","cake","A","PENDING_REVIEW","1","1","1","1","PASS","PASS","PASS","PASS","","","",""
"food-drinks-35","food-drinks","1013980","アイスクリーム","アイスクリーム","kem","ice cream","A","PENDING_REVIEW","","1","1","1","FAIL","PASS","PASS","PASS","MISSING_VI_GLOSS","","",""
"fruit-vegetables-01","fruit-vegetables","1571460","苺","いちご","dâu tây","strawberry","A","PENDING_REVIEW","","3","1","1","FAIL","PASS","PASS","PASS","MISSING_VI_GLOSS","","",""
"fruit-vegetables-02","fruit-vegetables","1380890","西瓜","すいか","dưa hấu","watermelon","A","PENDING_REVIEW","","1","1","1","FAIL","PASS","PASS","PASS","MISSING_VI_GLOSS","","",""
"fruit-vegetables-03","fruit-vegetables","1555480","林檎","りんご","táo","apple","A","PENDING_REVIEW","1","3","1","1","PASS","PASS","PASS","PASS","","","",""
"fruit-vegetables-04","fruit-vegetables","1099420","バナナ","バナナ","chuối","banana","A","PENDING_REVIEW","1","1","1","1","PASS","PASS","PASS","PASS","","","",""
"fruit-vegetables-05","fruit-vegetables","1499230","葡萄","ぶどう","nho","grape","A","PENDING_REVIEW","","","2","1","FAIL","FAIL","PASS","PASS","MISSING_VI_GLOSS","WRONG_ENTRY_RANKING","",""
"fruit-vegetables-06","fruit-vegetables","1448290","桃","もも","đào","peach","A","PENDING_REVIEW","","2","1","1","FAIL","PASS","PASS","PASS","MISSING_VI_GLOSS","","",""
"fruit-vegetables-07","fruit-vegetables","1549860","梨","なし","lê","pear","C","PENDING_REVIEW","","3","1","3","FAIL","PASS","PASS","PASS","MISSING_VI_GLOSS","","",""
"fruit-vegetables-08","fruit-vegetables","1035860","オレンジ","オレンジ","cam","orange","C","PENDING_REVIEW","","","5","4","FAIL","FAIL","PASS","PASS","MISSING_VI_GLOSS","WRONG_ENTRY_RANKING","",""
"fruit-vegetables-09","fruit-vegetables","1528410","蜜柑","みかん","quýt","mandarin orange","A","PENDING_REVIEW","","1","1","1","FAIL","PASS","PASS","PASS","MISSING_VI_GLOSS","","",""
"fruit-vegetables-10","fruit-vegetables","1146020","檸檬","レモン","chanh vàng","lemon","A","PENDING_REVIEW","","1","1","1","FAIL","PASS","PASS","PASS","MISSING_VI_GLOSS","","",""
"fruit-vegetables-11","fruit-vegetables","2855111","ライム","ライム","chanh xanh","lime","A","PENDING_REVIEW","","5","1","2","FAIL","PASS","PASS","PASS","MISSING_VI_GLOSS","","",""
"fruit-vegetables-12","fruit-vegetables","1101100","パイナップル","パイナップル","dứa","pineapple","A","PENDING_REVIEW","","7","1","4","FAIL","PASS","PASS","PASS","MISSING_VI_GLOSS","","",""
"fruit-vegetables-13","fruit-vegetables","1130020","芒果","マンゴー","xoài","mango","A","PENDING_REVIEW","","2","1","1","FAIL","PASS","PASS","PASS","MISSING_VI_GLOSS","","",""
"fruit-vegetables-14","fruit-vegetables","1018410","アボカド","アボカド","quả bơ","avocado","A","PENDING_REVIEW","","2","1","2","FAIL","PASS","PASS","PASS","MISSING_VI_GLOSS","","",""
"fruit-vegetables-15","fruit-vegetables","1204810","柿","かき","hồng","persimmon","A","PENDING_REVIEW","","1","1","4","FAIL","PASS","PASS","PASS","MISSING_VI_GLOSS","","",""
"fruit-vegetables-16","fruit-vegetables","1134190","メロン","メロン","dưa lưới","melon","A","PENDING_REVIEW","","15","1","2","FAIL","FAIL","PASS","PASS","MISSING_VI_GLOSS","WRONG_ENTRY_RANKING","",""
"fruit-vegetables-17","fruit-vegetables","1040990","キウイ","キウイ","kiwi","kiwi fruit","C","PENDING_REVIEW","3","1","1","1","PASS","PASS","PASS","PASS","","","",""
"fruit-vegetables-18","fruit-vegetables","1298460","桜ん坊","さくらんぼ","anh đào","cherry","A","PENDING_REVIEW","","","1","2","FAIL","FAIL","PASS","PASS","MISSING_VI_GLOSS","WRONG_ENTRY_RANKING","",""
"fruit-vegetables-19","fruit-vegetables","1085420","トマト","トマト","cà chua","tomato","A","PENDING_REVIEW","","3","1","2","FAIL","PASS","PASS","PASS","MISSING_VI_GLOSS","","",""
"fruit-vegetables-20","fruit-vegetables","1591500","胡瓜","きゅうり","dưa chuột","cucumber","A","PENDING_REVIEW","","8","1","1","FAIL","PASS","PASS","PASS","MISSING_VI_GLOSS","","",""
"fruit-vegetables-21","fruit-vegetables","1367800","人参","にんじん","cà rốt","carrot","A","PENDING_REVIEW","","3","1","1","FAIL","PASS","PASS","PASS","MISSING_VI_GLOSS","","",""
"fruit-vegetables-22","fruit-vegetables","1240670","玉ねぎ","たまねぎ","hành tây","onion","A","PENDING_REVIEW","1","1","1","1","PASS","PASS","PASS","PASS","","","",""
"fruit-vegetables-23","fruit-vegetables","1005930","じゃが芋","じゃがいも","khoai tây","potato","A","PENDING_REVIEW","","","1","5","FAIL","FAIL","PASS","PASS","MISSING_VI_GLOSS","WRONG_ENTRY_RANKING","",""
"fruit-vegetables-24","fruit-vegetables","1041870","キャベツ","キャベツ","bắp cải","cabbage","A","PENDING_REVIEW","","16","1","3","FAIL","FAIL","PASS","PASS","MISSING_VI_GLOSS","WRONG_ENTRY_RANKING","",""
"fruit-vegetables-25","fruit-vegetables","1145450","レタス","レタス","xà lách","lettuce","A","PENDING_REVIEW","","6","1","2","FAIL","PASS","PASS","PASS","MISSING_VI_GLOSS","","",""
"fruit-vegetables-26","fruit-vegetables","1195240","茄子","なす","cà tím","eggplant","A","PENDING_REVIEW","","4","1","1","FAIL","PASS","PASS","PASS","MISSING_VI_GLOSS","","",""
"fruit-vegetables-27","fruit-vegetables","1413730","大根","だいこん","củ cải trắng","daikon","A","PENDING_REVIEW","","3","1","1","FAIL","PASS","PASS","PASS","MISSING_VI_GLOSS","","",""
"fruit-vegetables-28","fruit-vegetables","1603410","ほうれん草","ほうれんそう","rau bina","spinach","A","PENDING_REVIEW","","11","1","1","FAIL","FAIL","PASS","PASS","MISSING_VI_GLOSS","WRONG_ENTRY_RANKING","",""
"fruit-vegetables-29","fruit-vegetables","2005660","ブロコリ","ブロコリ","bông cải xanh","broccoli","A","PENDING_REVIEW","","1","1","1","FAIL","PASS","PASS","PASS","MISSING_VI_GLOSS","","",""
"fruit-vegetables-30","fruit-vegetables","1582580","南瓜","かぼちゃ","bí ngô","pumpkin","A","PENDING_REVIEW","","4","1","1","FAIL","PASS","PASS","PASS","MISSING_VI_GLOSS","","",""
"fruit-vegetables-31","fruit-vegetables","1299220","さつま芋","さつまいも","khoai lang","sweet potato","A","PENDING_REVIEW","","20","1","5","FAIL","FAIL","PASS","PASS","MISSING_VI_GLOSS","WRONG_ENTRY_RANKING","",""
"fruit-vegetables-32","fruit-vegetables","1599940","大蒜","にんにく","tỏi","garlic","A","PENDING_REVIEW","","3","1","1","FAIL","PASS","PASS","PASS","MISSING_VI_GLOSS","","",""
"fruit-vegetables-33","fruit-vegetables","1379620","生姜","しょうが","gừng","ginger","A","PENDING_REVIEW","","6","1","2","FAIL","PASS","PASS","PASS","MISSING_VI_GLOSS","","",""
"household-01","household","1557110","冷蔵庫","れいぞうこ","tủ lạnh","refrigerator","A","PENDING_REVIEW","","10","1","4","FAIL","PASS","PASS","PASS","MISSING_VI_GLOSS","","",""
"household-02","household","1390990","洗濯機","せんたくき","máy giặt","washing machine","A","PENDING_REVIEW","","6","1","2","FAIL","PASS","PASS","PASS","MISSING_VI_GLOSS","","",""
"household-03","household","1596390","掃除機","そうじき","máy hút bụi","vacuum cleaner","A","PENDING_REVIEW","","4","1","1","FAIL","PASS","PASS","PASS","MISSING_VI_GLOSS","","",""
"household-04","household","1443380","電子レンジ","でんしレンジ","lò vi sóng","microwave oven","A","PENDING_REVIEW","","1","1","1","FAIL","PASS","PASS","PASS","MISSING_VI_GLOSS","","",""
"household-05","household","1372360","炊飯器","すいはんき","nồi cơm điện","rice cooker","A","PENDING_REVIEW","","1","1","1","FAIL","PASS","PASS","PASS","MISSING_VI_GLOSS","","",""
"household-06","household","1027180","エアコン","エアコン","máy điều hòa","air conditioner","A","PENDING_REVIEW","","8","1","2","FAIL","PASS","PASS","PASS","MISSING_VI_GLOSS","","",""
"household-07","household","1390760","扇風機","せんぷうき","quạt điện","electric fan","A","PENDING_REVIEW","","1","1","1","FAIL","PASS","PASS","PASS","MISSING_VI_GLOSS","","",""
"household-08","household","1080510","テレビ","テレビ","ti vi","television","A","PENDING_REVIEW","","","1","3","FAIL","FAIL","PASS","PASS","MISSING_VI_GLOSS","WRONG_ENTRY_RANKING","",""
"household-09","household","1157070","椅子","いす","ghế","chair","A","PENDING_REVIEW","1","","1","1","PASS","FAIL","PASS","PASS","","WRONG_ENTRY_RANKING","",""
"household-10","household","1220210","机","つくえ","bàn làm việc","desk","A","PENDING_REVIEW","1","1","1","1","PASS","PASS","PASS","PASS","","","",""
"household-11","household","1078630","テーブル","テーブル","bàn","table","A","PENDING_REVIEW","","","1","5","FAIL","FAIL","PASS","PASS","MISSING_VI_GLOSS","WRONG_ENTRY_RANKING","",""
"household-12","household","1075480","ソファ","ソファ","ghế sofa","sofa","A","PENDING_REVIEW","","1","1","1","FAIL","PASS","PASS","PASS","MISSING_VI_GLOSS","","",""
"household-13","household","1119650","ベッド","ベッド","giường","bed","A","PENDING_REVIEW","1","1","1","1","PASS","PASS","PASS","PASS","","","",""
"household-14","household","1496890","布団","ふとん","chăn đệm kiểu Nhật","futon","A","PENDING_REVIEW","","1","1","1","FAIL","PASS","PASS","PASS","MISSING_VI_GLOSS","","",""
"household-15","household","1524860","枕","まくら","gối","pillow","A","PENDING_REVIEW","","","1","1","FAIL","FAIL","PASS","PASS","MISSING_VI_GLOSS","WRONG_ENTRY_RANKING","",""
"household-16","household","1533950","毛布","もうふ","chăn","blanket","A","PENDING_REVIEW","","1","1","1","FAIL","PASS","PASS","PASS","MISSING_VI_GLOSS","","",""
"household-17","household","1416700","棚","たな","kệ","shelf","A","PENDING_REVIEW","","","1","1","FAIL","FAIL","PASS","PASS","MISSING_VI_GLOSS","WRONG_ENTRY_RANKING","",""
"household-18","household","1522980","本棚","ほんだな","giá sách","bookshelf","A","PENDING_REVIEW","","4","1","4","FAIL","PASS","PASS","PASS","MISSING_VI_GLOSS","","",""
"household-19","household","1238550","鏡","かがみ","gương","mirror","A","PENDING_REVIEW","","","1","1","FAIL","FAIL","PASS","PASS","MISSING_VI_GLOSS","WRONG_ENTRY_RANKING","",""
"household-20","household","1316140","時計","とけい","đồng hồ","clock","A","PENDING_REVIEW","1","","1","1","PASS","FAIL","PASS","PASS","","WRONG_ENTRY_RANKING","",""
"household-21","household","1036290","カーテン","カーテン","rèm cửa","curtain","A","PENDING_REVIEW","","","1","7","FAIL","FAIL","PASS","PASS","MISSING_VI_GLOSS","WRONG_ENTRY_RANKING","",""
"household-22","household","1087820","ドア","ドア","cửa","door","A","PENDING_REVIEW","","1","1","3","FAIL","PASS","PASS","PASS","MISSING_VI_GLOSS","","",""
"household-23","household","1401400","窓","まど","cửa sổ","window","A","PENDING_REVIEW","1","1","1","1","PASS","PASS","PASS","PASS","","","",""
"household-24","household","1260490","鍵","かぎ","chìa khóa","key","A","PENDING_REVIEW","1","1","1","1","PASS","PASS","PASS","PASS","","","",""
"household-25","household","1443170","電球","でんきゅう","bóng đèn","light bulb","A","PENDING_REVIEW","","1","1","1","FAIL","PASS","PASS","PASS","MISSING_VI_GLOSS","","",""
"household-26","household","1299680","皿","さら","đĩa","plate","A","PENDING_REVIEW","","","1","1","FAIL","FAIL","PASS","PASS","MISSING_VI_GLOSS","WRONG_ENTRY_RANKING","",""
"household-27","household","1597530","茶碗","ちゃわん","bát cơm","rice bowl","A","PENDING_REVIEW","","3","1","1","FAIL","PASS","PASS","PASS","MISSING_VI_GLOSS","","",""
"household-28","household","1050390","洋杯","コップ","cốc","drinking glass","A","PENDING_REVIEW","","","1","1","FAIL","FAIL","PASS","PASS","MISSING_VI_GLOSS","MISSING_ALIAS","",""
"household-29","household","1476410","箸","はし","đũa","chopsticks","A","PENDING_REVIEW","","1","1","1","FAIL","PASS","PASS","PASS","MISSING_VI_GLOSS","","",""
"household-30","household","1072590","スプーン","スプーン","thìa","spoon","A","PENDING_REVIEW","","12","1","2","FAIL","FAIL","PASS","PASS","MISSING_VI_GLOSS","WRONG_ENTRY_RANKING","",""
"household-31","household","1110110","フォーク","フォーク","nĩa","fork","A","PENDING_REVIEW","","14","1","5","FAIL","FAIL","PASS","PASS","MISSING_VI_GLOSS","WRONG_ENTRY_RANKING","",""
"household-32","household","1515530","包丁","ほうちょう","dao bếp","kitchen knife","A","PENDING_REVIEW","","4","1","1","FAIL","PASS","PASS","PASS","MISSING_VI_GLOSS","","",""
"household-33","household","1459720","鍋","なべ","nồi","cooking pot","A","PENDING_REVIEW","","","1","2","FAIL","FAIL","PASS","PASS","MISSING_VI_GLOSS","MISSING_ALIAS","",""
"household-34","household","1111160","フライパン","フライパン","chảo","frying pan","A","PENDING_REVIEW","","7","1","2","FAIL","PASS","PASS","PASS","MISSING_VI_GLOSS","","",""
"household-35","household","1382590","石鹸","せっけん","xà phòng","soap","A","PENDING_REVIEW","","1","1","1","FAIL","PASS","PASS","PASS","MISSING_VI_GLOSS","","",""
"household-36","household","1313070","歯ブラシ","はブラシ","bàn chải đánh răng","toothbrush","A","PENDING_REVIEW","","1","1","1","FAIL","PASS","PASS","PASS","MISSING_VI_GLOSS","","",""
"household-37","household","1770210","歯磨き粉","はみがきこ","kem đánh răng","toothpaste","A","PENDING_REVIEW","","6","1","4","FAIL","PASS","PASS","PASS","MISSING_VI_GLOSS","","",""
"household-38","household","1076170","タオル","タオル","khăn","towel","A","PENDING_REVIEW","","1","1","2","FAIL","PASS","PASS","PASS","MISSING_VI_GLOSS","","",""
"household-39","household","1005010","ゴミ箱","ごみばこ","thùng rác","trash can","A","PENDING_REVIEW","","1","1","1","FAIL","PASS","PASS","PASS","MISSING_VI_GLOSS","","",""
"household-40","household","1390950","洗剤","せんざい","chất tẩy rửa","detergent","A","PENDING_REVIEW","","2","1","1","FAIL","PASS","PASS","PASS","MISSING_VI_GLOSS","","",""
"transport-01","transport","1318400","自動車","じどうしゃ","ô tô","car","A","PENDING_REVIEW","","","2","6","FAIL","FAIL","PASS","PASS","MISSING_VI_GLOSS","WRONG_ENTRY_RANKING","",""
"transport-02","transport","1032030","オートバイ","オートバイ","xe máy","motorcycle","A","PENDING_REVIEW","","","1","5","FAIL","FAIL","PASS","PASS","MISSING_VI_GLOSS","WRONG_ENTRY_RANKING","",""
"transport-03","transport","1318290","自転車","じてんしゃ","xe đạp","bicycle","A","PENDING_REVIEW","1","","1","1","PASS","FAIL","PASS","PASS","","WRONG_ENTRY_RANKING","",""
"transport-04","transport","1098390","バス","バス","xe buýt","bus","A","PENDING_REVIEW","","2","1","1","FAIL","PASS","PASS","PASS","MISSING_VI_GLOSS","","",""
"transport-05","transport","1443530","電車","でんしゃ","tàu điện","train","A","PENDING_REVIEW","1","3","1","1","PASS","PASS","PASS","PASS","","","",""
"transport-06","transport","1085760","トラック","トラック","xe tải","truck","A","PENDING_REVIEW","","","1","1","FAIL","FAIL","PASS","PASS","MISSING_VI_GLOSS","WRONG_ENTRY_RANKING","",""
"transport-07","transport","1076190","タクシー","タクシー","taxi","taxi","A","PENDING_REVIEW","1","1","1","1","PASS","PASS","PASS","PASS","","","",""
"transport-08","transport","1485470","飛行機","ひこうき","máy bay","airplane","A","PENDING_REVIEW","","","1","2","FAIL","FAIL","PASS","PASS","MISSING_VI_GLOSS","WRONG_ENTRY_RANKING","",""
"transport-09","transport","1602800","船","ふね","tàu thủy","ship","A","PENDING_REVIEW","","","1","2","FAIL","FAIL","PASS","PASS","MISSING_VI_GLOSS","WRONG_ENTRY_RANKING","",""
"transport-10","transport","1420900","地下鉄","ちかてつ","tàu điện ngầm","subway","A","PENDING_REVIEW","1","2","1","1","PASS","PASS","PASS","PASS","","","",""
"transport-11","transport","1361590","新幹線","しんかんせん","tàu Shinkansen","bullet train","A","PENDING_REVIEW","1","1","1","1","PASS","PASS","PASS","PASS","","","",""
"transport-12","transport","1229100","救急車","きゅうきゅうしゃ","xe cứu thương","ambulance","A","PENDING_REVIEW","1","1","1","1","PASS","PASS","PASS","PASS","","","",""
"transport-13","transport","1350360","消防車","しょうぼうしゃ","xe cứu hỏa","fire engine","A","PENDING_REVIEW","","3","1","1","FAIL","PASS","PASS","PASS","MISSING_VI_GLOSS","","",""
"transport-14","transport","1101950","パトカー","パトカー","xe cảnh sát","police car","A","PENDING_REVIEW","","2","1","1","FAIL","PASS","PASS","PASS","MISSING_VI_GLOSS","","",""
"transport-15","transport","1118780","ヘリコプター","ヘリコプター","trực thăng","helicopter","A","PENDING_REVIEW","","2","1","2","FAIL","PASS","PASS","PASS","MISSING_VI_GLOSS","","",""
"transport-16","transport","1109980","フェリー","フェリー","phà","ferry","A","PENDING_REVIEW","","2","1","7","FAIL","PASS","PASS","PASS","MISSING_VI_GLOSS","","",""
"transport-17","transport","1068190","スクーター","スクーター","xe tay ga","scooter","A","PENDING_REVIEW","","1","1","1","FAIL","PASS","PASS","PASS","MISSING_VI_GLOSS","","",""
"transport-18","transport","1514380","歩行者","ほこうしゃ","người đi bộ","pedestrian","A","PENDING_REVIEW","","","1","1","FAIL","FAIL","PASS","PASS","MISSING_VI_GLOSS","WRONG_ENTRY_RANKING","",""
"transport-19","transport","1172830","運転","うんてん","lái xe","driving","A","PENDING_REVIEW","","14","1","6","FAIL","FAIL","PASS","PASS","MISSING_VI_GLOSS","WRONG_ENTRY_RANKING","",""
"transport-20","transport","1359260","信号機","しんごうき","đèn giao thông","traffic light","A","PENDING_REVIEW","","3","1","1","FAIL","PASS","PASS","PASS","MISSING_VI_GLOSS","","",""
"transport-21","transport","1592970","交差点","こうさてん","ngã tư","intersection","A","PENDING_REVIEW","","14","1","8","FAIL","FAIL","PASS","PASS","MISSING_VI_GLOSS","WRONG_ENTRY_RANKING","",""
"transport-22","transport","1454290","道路","どうろ","đường bộ","road","A","PENDING_REVIEW","","","1","4","FAIL","FAIL","PASS","PASS","MISSING_VI_GLOSS","WRONG_ENTRY_RANKING","",""
"transport-23","transport","1283720","高速道路","こうそくどうろ","đường cao tốc","expressway","A","PENDING_REVIEW","","7","1","5","FAIL","PASS","PASS","PASS","MISSING_VI_GLOSS","","",""
"transport-24","transport","1426920","駐車場","ちゅうしゃじょう","bãi đỗ xe","parking lot","A","PENDING_REVIEW","","8","1","1","FAIL","PASS","PASS","PASS","MISSING_VI_GLOSS","","",""
"transport-25","transport","1385170","切符","きっぷ","vé","ticket","A","PENDING_REVIEW","","1","1","4","FAIL","PASS","PASS","PASS","MISSING_VI_GLOSS","","",""
"transport-26","transport","1316230","時刻表","じこくひょう","bảng giờ chạy","timetable","A","PENDING_REVIEW","","5","1","1","FAIL","PASS","PASS","PASS","MISSING_VI_GLOSS","","",""
"transport-27","transport","1580490","乗客","じょうきゃく","hành khách","passenger","A","PENDING_REVIEW","","1","1","1","FAIL","PASS","PASS","PASS","MISSING_VI_GLOSS","","",""
"transport-28","transport","1291880","座席","ざせき","chỗ ngồi","seat","A","PENDING_REVIEW","","14","1","3","FAIL","FAIL","PASS","PASS","MISSING_VI_GLOSS","WRONG_ENTRY_RANKING","",""
"transport-29","transport","1335570","渋滞","じゅうたい","ùn tắc","traffic jam","A","PENDING_REVIEW","","1","1","1","FAIL","PASS","PASS","PASS","MISSING_VI_GLOSS","","",""
"jobs-01","jobs","1237130","教師","きょうし","giáo viên","teacher","A","PENDING_REVIEW","1","","2","2","PASS","FAIL","PASS","PASS","","WRONG_ENTRY_RANKING","",""
"jobs-02","jobs","1159980","医者","いしゃ","bác sĩ","doctor","A","PENDING_REVIEW","1","","1","1","PASS","FAIL","PASS","PASS","","WRONG_ENTRY_RANKING","",""
"jobs-03","jobs","1928100","看護師","かんごし","điều dưỡng","nurse","A","PENDING_REVIEW","1","","1","1","PASS","FAIL","PASS","PASS","","WRONG_ENTRY_RANKING","",""
"jobs-04","jobs","1117060","プログラマー","プログラマー","lập trình viên","programmer","A","PENDING_REVIEW","","1","1","1","FAIL","PASS","PASS","PASS","MISSING_VI_GLOSS","","",""
"jobs-05","jobs","1252400","警察官","けいさつかん","cảnh sát viên","police officer","A","PENDING_REVIEW","1","5","1","1","PASS","PASS","PASS","PASS","","","",""
"jobs-06","jobs","1350350","消防士","しょうぼうし","lính cứu hỏa","firefighter","A","PENDING_REVIEW","","5","1","1","FAIL","PASS","PASS","PASS","MISSING_VI_GLOSS","","",""
"jobs-07","jobs","1198480","会計士","かいけいし","kế toán","accountant","C","PENDING_REVIEW","","1","1","2","FAIL","PASS","PASS","PASS","MISSING_VI_GLOSS","","",""
"jobs-08","jobs","1486690","美容師","びようし","thợ cắt tóc","hairdresser","C","PENDING_REVIEW","","4","1","5","FAIL","PASS","PASS","PASS","MISSING_VI_GLOSS","","",""
"jobs-09","jobs","1644930","料理人","りょうりにん","đầu bếp","cook","A","PENDING_REVIEW","","","1","10","FAIL","FAIL","PASS","PASS","MISSING_VI_GLOSS","WRONG_ENTRY_RANKING","",""
"jobs-10","jobs","1172870","運転手","うんてんしゅ","tài xế","driver","A","PENDING_REVIEW","","","1","2","FAIL","FAIL","PASS","PASS","MISSING_VI_GLOSS","WRONG_ENTRY_RANKING","",""
"jobs-11","jobs","1198560","会社員","かいしゃいん","nhân viên công ty","office worker","A","PENDING_REVIEW","1","1","1","5","PASS","PASS","PASS","PASS","","","",""
"jobs-12","jobs","1335610","獣医","じゅうい","bác sĩ thú y","veterinarian","A","PENDING_REVIEW","","1","1","1","FAIL","PASS","PASS","PASS","MISSING_VI_GLOSS","","",""
"jobs-13","jobs","1243500","銀行員","ぎんこういん","nhân viên ngân hàng","bank employee","A","PENDING_REVIEW","","1","1","1","FAIL","PASS","PASS","PASS","MISSING_VI_GLOSS","","",""
"jobs-14","jobs","1512850","弁護士","べんごし","luật sư","lawyer","A","PENDING_REVIEW","","","1","2","FAIL","FAIL","PASS","PASS","MISSING_VI_GLOSS","WRONG_ENTRY_RANKING","",""
"jobs-15","jobs","1225110","技師","ぎし","kỹ sư","engineer","A","PENDING_REVIEW","","","1","1","FAIL","FAIL","PASS","PASS","MISSING_VI_GLOSS","WRONG_ENTRY_RANKING","",""
"jobs-16","jobs","1257510","建築家","けんちくか","kiến trúc sư","architect","A","PENDING_REVIEW","","1","1","1","FAIL","PASS","PASS","PASS","MISSING_VI_GLOSS","","",""
"jobs-17","jobs","1313080","歯医者","はいしゃ","nha sĩ","dentist","A","PENDING_REVIEW","1","1","1","1","PASS","PASS","PASS","PASS","","","",""
"jobs-18","jobs","1538230","薬剤師","やくざいし","dược sĩ","pharmacist","A","PENDING_REVIEW","","2","1","1","FAIL","PASS","PASS","PASS","MISSING_VI_GLOSS","","",""
"jobs-19","jobs","1470620","農家","のうか","nông dân","farmer","A","PENDING_REVIEW","","","1","4","FAIL","FAIL","PASS","PASS","MISSING_VI_GLOSS","WRONG_ENTRY_RANKING","",""
"jobs-20","jobs","1233010","漁師","りょうし","ngư dân","fisherman","A","PENDING_REVIEW","","3","1","3","FAIL","PASS","PASS","PASS","MISSING_VI_GLOSS","","",""
"jobs-21","jobs","1413690","大工","だいく","thợ mộc","carpenter","A","PENDING_REVIEW","","1","1","1","FAIL","PASS","PASS","PASS","MISSING_VI_GLOSS","","",""
"jobs-22","jobs","1440670","店員","てんいん","nhân viên cửa hàng","shop assistant","A","PENDING_REVIEW","1","1","1","1","PASS","PASS","PASS","PASS","","","",""
"jobs-23","jobs","1193290","歌手","かしゅ","ca sĩ","singer","A","PENDING_REVIEW","","1","1","1","FAIL","PASS","PASS","PASS","MISSING_VI_GLOSS","","",""
"jobs-24","jobs","1471970","俳優","はいゆう","diễn viên","actor","A","PENDING_REVIEW","","","1","1","FAIL","FAIL","PASS","PASS","MISSING_VI_GLOSS","WRONG_ENTRY_RANKING","",""
"jobs-25","jobs","1197120","画家","がか","họa sĩ","painter","A","PENDING_REVIEW","","7","1","3","FAIL","PASS","PASS","PASS","MISSING_VI_GLOSS","","",""
"jobs-26","jobs","1297510","作家","さっか","nhà văn","writer","A","PENDING_REVIEW","","","1","13","FAIL","FAIL","PASS","FAIL","MISSING_VI_GLOSS","WRONG_ENTRY_RANKING","","WRONG_ENTRY_RANKING"
"jobs-27","jobs","1223250","記者","きしゃ","phóng viên","journalist","A","PENDING_REVIEW","","3","1","3","FAIL","PASS","PASS","PASS","MISSING_VI_GLOSS","","",""
"jobs-28","jobs","1523430","翻訳者","ほんやくしゃ","biên dịch viên","translator","A","PENDING_REVIEW","","3","1","4","FAIL","PASS","PASS","PASS","MISSING_VI_GLOSS","","",""
"jobs-29","jobs","1433560","通訳","つうやく","phiên dịch","interpreter","A","PENDING_REVIEW","","5","1","9","FAIL","PASS","PASS","PASS","MISSING_VI_GLOSS","","",""
"school-01","school","1206730","学校","がっこう","trường học","school","A","PENDING_REVIEW","1","1","1","1","PASS","PASS","PASS","PASS","","","",""
"school-02","school","1413240","大学","だいがく","đại học","university","A","PENDING_REVIEW","1","1","1","1","PASS","PASS","PASS","PASS","","","",""
"school-03","school","1283500","高校","こうこう","trường cấp ba","high school","A","PENDING_REVIEW","","16","1","3","FAIL","FAIL","PASS","PASS","MISSING_VI_GLOSS","WRONG_ENTRY_RANKING","",""
"school-04","school","1423650","中学校","ちゅうがっこう","trường cấp hai","junior high school","A","PENDING_REVIEW","","","1","2","FAIL","FAIL","PASS","PASS","MISSING_VI_GLOSS","WRONG_ENTRY_RANKING","",""
"school-05","school","1347870","小学校","しょうがっこう","trường tiểu học","elementary school","A","PENDING_REVIEW","","","1","7","FAIL","FAIL","PASS","PASS","MISSING_VI_GLOSS","WRONG_ENTRY_RANKING","",""
"school-06","school","1545260","幼稚園","ようちえん","trường mẫu giáo","kindergarten","A","PENDING_REVIEW","","20","1","1","FAIL","FAIL","PASS","PASS","MISSING_VI_GLOSS","WRONG_ENTRY_RANKING","",""
"school-07","school","1206900","学生","がくせい","sinh viên","student","A","PENDING_REVIEW","1","1","1","1","PASS","PASS","PASS","PASS","","","",""
"school-08","school","1379380","生徒","せいと","học sinh","pupil","A","PENDING_REVIEW","","","2","3","FAIL","FAIL","PASS","PASS","MISSING_VI_GLOSS","WRONG_ENTRY_RANKING","",""
"school-09","school","1330290","授業","じゅぎょう","tiết học","class","A","PENDING_REVIEW","","","1","17","FAIL","FAIL","PASS","FAIL","MISSING_VI_GLOSS","WRONG_ENTRY_RANKING","","WRONG_ENTRY_RANKING"
"school-10","school","1237150","教室","きょうしつ","phòng học","classroom","A","PENDING_REVIEW","","5","1","2","FAIL","PASS","PASS","PASS","MISSING_VI_GLOSS","","",""
"school-11","school","1370420","図書館","としょかん","thư viện","library","A","PENDING_REVIEW","","1","1","4","FAIL","PASS","PASS","PASS","MISSING_VI_GLOSS","","",""
"school-12","school","1237020","教科書","きょうかしょ","sách giáo khoa","textbook","A","PENDING_REVIEW","","14","1","2","FAIL","FAIL","PASS","PASS","MISSING_VI_GLOSS","WRONG_ENTRY_RANKING","",""
"school-13","school","1093450","ノート","ノート","vở","notebook","A","PENDING_REVIEW","","11","1","4","FAIL","FAIL","PASS","PASS","MISSING_VI_GLOSS","WRONG_ENTRY_RANKING","",""
"school-14","school","1178590","鉛筆","えんぴつ","bút chì","pencil","A","PENDING_REVIEW","","8","1","1","FAIL","PASS","PASS","PASS","MISSING_VI_GLOSS","","",""
"school-15","school","1121380","ペン","ペン","bút","pen","A","PENDING_REVIEW","","1","1","2","FAIL","PASS","PASS","PASS","MISSING_VI_GLOSS","","",""
"school-16","school","1350080","消しゴム","けしゴム","tẩy","eraser","A","PENDING_REVIEW","","7","1","2","FAIL","PASS","PASS","PASS","MISSING_VI_GLOSS","","",""
"school-17","school","1435520","定規","じょうぎ","thước kẻ","ruler","A","PENDING_REVIEW","","15","1","2","FAIL","FAIL","PASS","PASS","MISSING_VI_GLOSS","WRONG_ENTRY_RANKING","",""
"school-18","school","1288080","黒板","こくばん","bảng đen","blackboard","A","PENDING_REVIEW","","2","1","2","FAIL","PASS","PASS","PASS","MISSING_VI_GLOSS","","",""
"school-19","school","1078240","チョーク","チョーク","phấn viết bảng","chalk","A","PENDING_REVIEW","","1","1","3","FAIL","PASS","PASS","PASS","MISSING_VI_GLOSS","","",""
"school-20","school","1312350","試験","しけん","kỳ thi","examination","A","PENDING_REVIEW","","","1","2","FAIL","FAIL","PASS","PASS","MISSING_VI_GLOSS","WRONG_ENTRY_RANKING","",""
"school-21","school","1337270","宿題","しゅくだい","bài tập về nhà","homework","A","PENDING_REVIEW","","2","1","1","FAIL","PASS","PASS","PASS","MISSING_VI_GLOSS","","",""
"school-22","school","1375760","成績","せいせき","kết quả học tập","grades","A","PENDING_REVIEW","","3","1","1","FAIL","PASS","PASS","PASS","MISSING_VI_GLOSS","","",""
"school-23","school","1405890","卒業","そつぎょう","tốt nghiệp","graduation","A","PENDING_REVIEW","","","1","1","FAIL","FAIL","PASS","PASS","MISSING_VI_GLOSS","WRONG_ENTRY_RANKING","",""
"school-24","school","1465850","入学","にゅうがく","nhập học","school admission","A","PENDING_REVIEW","","","1","1","FAIL","FAIL","PASS","PASS","MISSING_VI_GLOSS","MISSING_ALIAS","",""
"school-25","school","1372980","数学","すうがく","toán học","mathematics","A","PENDING_REVIEW","","1","1","1","FAIL","PASS","PASS","PASS","MISSING_VI_GLOSS","","",""
"school-26","school","1558050","歴史","れきし","lịch sử","history","A","PENDING_REVIEW","","","1","4","FAIL","FAIL","PASS","PASS","MISSING_VI_GLOSS","WRONG_ENTRY_RANKING","",""
"school-27","school","1192700","科学","かがく","khoa học","science","A","PENDING_REVIEW","","16","1","4","FAIL","FAIL","PASS","PASS","MISSING_VI_GLOSS","WRONG_ENTRY_RANKING","",""
"school-28","school","1409200","体育","たいいく","thể dục","physical education","A","PENDING_REVIEW","","2","1","1","FAIL","PASS","PASS","PASS","MISSING_VI_GLOSS","","",""
"school-29","school","1318970","辞書","じしょ","từ điển","dictionary","A","PENDING_REVIEW","","","1","3","FAIL","FAIL","PASS","PASS","MISSING_VI_GLOSS","WRONG_ENTRY_RANKING","",""
"body-health-01","body-health","1582310","頭","あたま","đầu","head","A","PENDING_REVIEW","1","2","1","1","PASS","PASS","PASS","PASS","","","",""
"body-health-02","body-health","1217730","顔","かお","mặt","face","A","PENDING_REVIEW","","5","1","4","FAIL","PASS","PASS","PASS","MISSING_VI_GLOSS","","",""
"body-health-03","body-health","1604890","目","め","mắt","eye","A","PENDING_REVIEW","1","1","1","1","PASS","PASS","PASS","PASS","","","",""
"body-health-04","body-health","1317170","耳","みみ","tai","ear","A","PENDING_REVIEW","","3","1","2","FAIL","PASS","PASS","PASS","MISSING_VI_GLOSS","","",""
"body-health-05","body-health","1486720","鼻","はな","mũi","nose","A","PENDING_REVIEW","","1","1","1","FAIL","PASS","PASS","PASS","MISSING_VI_GLOSS","","",""
"body-health-06","body-health","1275640","口","くち","miệng","mouth","A","PENDING_REVIEW","1","1","1","1","PASS","PASS","PASS","PASS","","","",""
"body-health-07","body-health","1313000","歯","は","răng","tooth","A","PENDING_REVIEW","1","2","1","1","PASS","PASS","PASS","PASS","","","",""
"body-health-08","body-health","1387010","舌","した","lưỡi","tongue","A","PENDING_REVIEW","","2","1","1","FAIL","PASS","PASS","PASS","MISSING_VI_GLOSS","","",""
"body-health-09","body-health","1477950","髪","かみ","tóc","hair","A","PENDING_REVIEW","","7","1","2","FAIL","PASS","PASS","PASS","MISSING_VI_GLOSS","","",""
"body-health-10","body-health","1592270","首","くび","cổ","neck","A","PENDING_REVIEW","","5","1","1","FAIL","PASS","PASS","PASS","MISSING_VI_GLOSS","","",""
"body-health-11","body-health","1258950","肩","かた","vai","shoulder","A","PENDING_REVIEW","","1","1","1","FAIL","PASS","PASS","PASS","MISSING_VI_GLOSS","","",""
"body-health-12","body-health","1562850","腕","うで","cánh tay","arm","A","PENDING_REVIEW","","4","1","1","FAIL","PASS","PASS","PASS","MISSING_VI_GLOSS","","",""
"body-health-13","body-health","1327190","手","て","bàn tay","hand","A","PENDING_REVIEW","1","3","1","1","PASS","PASS","PASS","PASS","","","",""
"body-health-14","body-health","1309650","指","ゆび","ngón tay","finger","A","PENDING_REVIEW","","","1","1","FAIL","FAIL","PASS","PASS","MISSING_VI_GLOSS","WRONG_ENTRY_RANKING","",""
"body-health-15","body-health","1404630","足","あし","chân","foot","A","PENDING_REVIEW","1","","1","1","PASS","FAIL","PASS","PASS","","WRONG_ENTRY_RANKING","",""
"body-health-16","body-health","1487320","膝","ひざ","đầu gối","knee","A","PENDING_REVIEW","","4","1","1","FAIL","PASS","PASS","PASS","MISSING_VI_GLOSS","","",""
"body-health-17","body-health","1472800","背中","せなか","lưng","back","A","PENDING_REVIEW","","","1","6","FAIL","FAIL","PASS","PASS","MISSING_VI_GLOSS","WRONG_ENTRY_RANKING","",""
"body-health-18","body-health","1002610","お腹","おなか","bụng","belly","A","PENDING_REVIEW","","","1","1","FAIL","FAIL","PASS","PASS","MISSING_VI_GLOSS","WRONG_ENTRY_RANKING","",""
"body-health-19","body-health","1360770","心臓","しんぞう","tim","heart","A","PENDING_REVIEW","","","1","4","FAIL","FAIL","PASS","PASS","MISSING_VI_GLOSS","WRONG_ENTRY_RANKING","",""
"body-health-20","body-health","1255060","血","ち","máu","blood","A","PENDING_REVIEW","","4","1","1","FAIL","PASS","PASS","PASS","MISSING_VI_GLOSS","","",""
"body-health-21","body-health","1288550","骨","ほね","xương","bone","A","PENDING_REVIEW","","2","1","1","FAIL","PASS","PASS","PASS","MISSING_VI_GLOSS","","",""
"body-health-22","body-health","1483920","皮膚","ひふ","da","skin","A","PENDING_REVIEW","","","2","4","FAIL","FAIL","PASS","PASS","MISSING_VI_GLOSS","WRONG_ENTRY_RANKING","",""
"body-health-23","body-health","1490230","病気","びょうき","bệnh","illness","A","PENDING_REVIEW","1","1","1","1","PASS","PASS","PASS","PASS","","","",""
"body-health-24","body-health","1583720","風邪","かぜ","cảm lạnh","common cold","A","PENDING_REVIEW","1","","1","2","PASS","FAIL","PASS","PASS","","MISSING_ALIAS","",""
"body-health-25","body-health","1467710","熱","ねつ","sốt","fever","A","PENDING_REVIEW","1","","1","5","PASS","FAIL","PASS","PASS","","WRONG_ENTRY_RANKING","",""
"body-health-26","body-health","1204300","咳","せき","ho","cough","A","PENDING_REVIEW","","1","1","1","FAIL","PASS","PASS","PASS","MISSING_VI_GLOSS","","",""
"body-health-27","body-health","1450890","頭痛","ずつう","đau đầu","headache","A","PENDING_REVIEW","","1","1","1","FAIL","PASS","PASS","PASS","MISSING_VI_GLOSS","","",""
"body-health-28","body-health","1538160","薬","くすり","thuốc","medicine","A","PENDING_REVIEW","1","","1","1","PASS","FAIL","PASS","PASS","","WRONG_ENTRY_RANKING","",""
"body-health-29","body-health","1200220","怪我","けが","vết thương","injury","A","PENDING_REVIEW","","","1","4","FAIL","FAIL","PASS","PASS","MISSING_VI_GLOSS","WRONG_ENTRY_RANKING","",""
"body-health-30","body-health","1256170","健康","けんこう","sức khỏe","health","A","PENDING_REVIEW","","3","1","1","FAIL","PASS","PASS","PASS","MISSING_VI_GLOSS","","",""
"clothing-01","clothing","1500940","服","ふく","quần áo","clothes","A","PENDING_REVIEW","1","2","1","1","PASS","PASS","PASS","PASS","","","",""
"clothing-02","clothing","1061520","シャツ","シャツ","áo sơ mi","shirt","A","PENDING_REVIEW","","5","1","1","FAIL","PASS","PASS","PASS","MISSING_VI_GLOSS","","",""
"clothing-03","clothing","1000160","Ｔシャツ","ティーシャツ","áo phông","T-shirt","A","PENDING_REVIEW","","7","1","1","FAIL","PASS","PASS","PASS","MISSING_VI_GLOSS","","",""
"clothing-04","clothing","1074260","洋袴","ズボン","quần","trousers","A","PENDING_REVIEW","","","1","1","FAIL","FAIL","PASS","PASS","MISSING_VI_GLOSS","WRONG_ENTRY_RANKING","",""
"clothing-05","clothing","1067470","スカート","スカート","váy","skirt","A","PENDING_REVIEW","","1","1","2","FAIL","PASS","PASS","PASS","MISSING_VI_GLOSS","","",""
"clothing-06","clothing","1149240","ワンピース","ワンピース","váy liền","dress","A","PENDING_REVIEW","","","1","10","FAIL","FAIL","PASS","PASS","MISSING_VI_GLOSS","WRONG_ENTRY_RANKING","",""
"clothing-07","clothing","1049000","コート","コート","áo khoác dài","coat","A","PENDING_REVIEW","","","1","3","FAIL","FAIL","PASS","PASS","MISSING_VI_GLOSS","WRONG_ENTRY_RANKING","",""
"clothing-08","clothing","1065170","ジャケット","ジャケット","áo khoác","jacket","A","PENDING_REVIEW","","","1","1","FAIL","FAIL","PASS","PASS","MISSING_VI_GLOSS","WRONG_ENTRY_RANKING","",""
"clothing-09","clothing","1074270","セーター","セーター","áo len","sweater","A","PENDING_REVIEW","","3","1","1","FAIL","PASS","PASS","PASS","MISSING_VI_GLOSS","","",""
"clothing-10","clothing","1246700","靴","くつ","giày","shoes","A","PENDING_REVIEW","1","","1","4","PASS","FAIL","PASS","PASS","","WRONG_ENTRY_RANKING","",""
"clothing-11","clothing","1246740","靴下","くつした","tất","socks","A","PENDING_REVIEW","","","1","1","FAIL","FAIL","PASS","PASS","MISSING_VI_GLOSS","WRONG_ENTRY_RANKING","",""
"clothing-12","clothing","1519170","帽子","ぼうし","mũ","hat","A","PENDING_REVIEW","","","1","5","FAIL","FAIL","PASS","PASS","MISSING_VI_GLOSS","WRONG_ENTRY_RANKING","",""
"clothing-13","clothing","1328090","手袋","てぶくろ","găng tay","gloves","A","PENDING_REVIEW","","","1","1","FAIL","FAIL","PASS","PASS","MISSING_VI_GLOSS","MISSING_ALIAS","",""
"clothing-14","clothing","1129210","マフラー","マフラー","khăn quàng cổ","scarf","A","PENDING_REVIEW","","10","1","4","FAIL","PASS","PASS","PASS","MISSING_VI_GLOSS","","",""
"clothing-15","clothing","1577670","メガネ","メガネ","kính mắt","glasses","A","PENDING_REVIEW","1","","1","1","PASS","FAIL","PASS","PASS","","WRONG_ENTRY_RANKING","",""
"clothing-16","clothing","1058300","サングラス","サングラス","kính râm","sunglasses","A","PENDING_REVIEW","","2","1","3","FAIL","PASS","PASS","PASS","MISSING_VI_GLOSS","","",""
"clothing-17","clothing","1208910","鞄","かばん","cặp","bag","A","PENDING_REVIEW","","","1","2","FAIL","FAIL","PASS","PASS","MISSING_VI_GLOSS","WRONG_ENTRY_RANKING","",""
"clothing-18","clothing","1296970","財布","さいふ","ví","wallet","A","PENDING_REVIEW","1","1","1","1","PASS","PASS","PASS","PASS","","","",""
"clothing-19","clothing","1120070","ベルト","ベルト","thắt lưng","belt","A","PENDING_REVIEW","","","1","2","FAIL","FAIL","PASS","PASS","MISSING_VI_GLOSS","WRONG_ENTRY_RANKING","",""
"clothing-20","clothing","1092820","ネクタイ","ネクタイ","cà vạt","necktie","A","PENDING_REVIEW","","4","1","3","FAIL","PASS","PASS","PASS","MISSING_VI_GLOSS","","",""
"clothing-21","clothing","1310050","指輪","ゆびわ","nhẫn","ring","A","PENDING_REVIEW","","10","1","6","FAIL","PASS","PASS","PASS","MISSING_VI_GLOSS","","",""
"clothing-22","clothing","1093000","ネックレス","ネックレス","dây chuyền","necklace","A","PENDING_REVIEW","","2","1","3","FAIL","PASS","PASS","PASS","MISSING_VI_GLOSS","","",""
"clothing-23","clothing","1562870","腕時計","うでどけい","đồng hồ đeo tay","wristwatch","A","PENDING_REVIEW","","2","1","1","FAIL","PASS","PASS","PASS","MISSING_VI_GLOSS","","",""
"clothing-24","clothing","1301940","傘","かさ","ô","umbrella","A","PENDING_REVIEW","1","2","1","1","PASS","PASS","PASS","PASS","","","",""
"clothing-25","clothing","1797820","長靴","ながぐつ","ủng","boots","A","PENDING_REVIEW","","4","1","9","FAIL","PASS","PASS","PASS","MISSING_VI_GLOSS","","",""
"clothing-26","clothing","1058480","サンダル","サンダル","dép xăng đan","sandals","A","PENDING_REVIEW","","","1","1","FAIL","FAIL","PASS","PASS","MISSING_VI_GLOSS","MISSING_ALIAS","",""
"clothing-27","clothing","1073900","スリッパ","スリッパ","dép đi trong nhà","slippers","A","PENDING_REVIEW","","7","1","6","FAIL","PASS","PASS","PASS","MISSING_VI_GLOSS","","",""
"clothing-28","clothing","1101430","パジャマ","パジャマ","đồ ngủ","pajamas","A","PENDING_REVIEW","","2","1","1","FAIL","PASS","PASS","PASS","MISSING_VI_GLOSS","","",""
"clothing-29","clothing","1374940","制服","せいふく","đồng phục","uniform","A","PENDING_REVIEW","","2","1","4","FAIL","PASS","PASS","PASS","MISSING_VI_GLOSS","","",""
"clothing-30","clothing","1423240","着物","きもの","kimono","kimono","A","PENDING_REVIEW","19","19","1","1","FAIL","FAIL","PASS","PASS","MISSING_VI_GLOSS","WRONG_ENTRY_RANKING","",""
"places-01","places","1243490","銀行","ぎんこう","ngân hàng","bank","C","PENDING_REVIEW","1","","1","1","PASS","FAIL","PASS","PASS","","WRONG_ENTRY_RANKING","",""
"places-02","places","1490220","病院","びょういん","bệnh viện","hospital","A","PENDING_REVIEW","1","","1","1","PASS","FAIL","PASS","PASS","","WRONG_ENTRY_RANKING","",""
"places-03","places","1542430","郵便局","ゆうびんきょく","bưu điện","post office","A","PENDING_REVIEW","1","1","1","1","PASS","PASS","PASS","PASS","","","",""
"places-04","places","1175140","駅","えき","nhà ga","station","A","PENDING_REVIEW","1","1","1","16","PASS","PASS","PASS","FAIL","","","","WRONG_ENTRY_RANKING"
"places-05","places","1245570","空港","くうこう","sân bay","airport","A","PENDING_REVIEW","1","1","1","1","PASS","PASS","PASS","PASS","","","",""
"places-06","places","1279990","港","みなと","cảng","port","A","PENDING_REVIEW","","2","1","5","FAIL","PASS","PASS","PASS","MISSING_VI_GLOSS","","",""
"places-07","places","1273270","公園","こうえん","công viên","park","A","PENDING_REVIEW","1","2","1","1","PASS","PASS","PASS","PASS","","","",""
"places-08","places","1451490","動物園","どうぶつえん","sở thú","zoo","A","PENDING_REVIEW","","","1","2","FAIL","FAIL","PASS","PASS","MISSING_VI_GLOSS","WRONG_ENTRY_RANKING","",""
"places-09","places","1371820","水族館","すいぞくかん","thủy cung","aquarium","A","PENDING_REVIEW","","4","1","1","FAIL","PASS","PASS","PASS","MISSING_VI_GLOSS","","",""
"places-10","places","1474720","博物館","はくぶつかん","bảo tàng","museum","A","PENDING_REVIEW","","1","1","1","FAIL","PASS","PASS","PASS","MISSING_VI_GLOSS","","",""
"places-11","places","1486460","美術館","びじゅつかん","bảo tàng mỹ thuật","art museum","A","PENDING_REVIEW","","1","1","1","FAIL","PASS","PASS","PASS","MISSING_VI_GLOSS","","",""
"places-12","places","1173750","映画館","えいがかん","rạp chiếu phim","cinema","A","PENDING_REVIEW","","9","1","4","FAIL","PASS","PASS","PASS","MISSING_VI_GLOSS","","",""
"places-13","places","1253410","劇場","げきじょう","nhà hát","theater","A","PENDING_REVIEW","","","1","4","FAIL","FAIL","PASS","PASS","MISSING_VI_GLOSS","WRONG_ENTRY_RANKING","",""
"places-14","places","1145310","レストラン","レストラン","nhà hàng","restaurant","A","PENDING_REVIEW","1","3","1","1","PASS","PASS","PASS","PASS","","","",""
"places-15","places","1226440","喫茶店","きっさてん","quán cà phê","cafe","A","PENDING_REVIEW","1","1","1","3","PASS","PASS","PASS","PASS","","","",""
"places-16","places","1066710","スーパー","スーパー","siêu thị","supermarket","A","PENDING_REVIEW","1","2","1","1","PASS","PASS","PASS","PASS","","","",""
"places-17","places","1053280","コンビニ","コンビニ","cửa hàng tiện lợi","convenience store","A","PENDING_REVIEW","1","1","1","1","PASS","PASS","PASS","PASS","","","",""
"places-18","places","1308300","市場","いちば","chợ","market","A","PENDING_REVIEW","","","1","3","FAIL","FAIL","PASS","PASS","MISSING_VI_GLOSS","WRONG_ENTRY_RANKING","",""
"places-19","places","1538200","薬局","やっきょく","hiệu thuốc","pharmacy","A","PENDING_REVIEW","1","1","1","1","PASS","PASS","PASS","PASS","","","",""
"places-20","places","1522240","本屋","ほんや","hiệu sách","bookshop","A","PENDING_REVIEW","","6","1","5","FAIL","PASS","PASS","PASS","MISSING_VI_GLOSS","","",""
"places-21","places","1194560","花屋","はなや","cửa hàng hoa","florist","A","PENDING_REVIEW","","2","1","1","FAIL","PASS","PASS","PASS","MISSING_VI_GLOSS","","",""
"places-22","places","1103480","パン屋","パンや","tiệm bánh mì","bakery","A","PENDING_REVIEW","","1","1","1","FAIL","PASS","PASS","PASS","MISSING_VI_GLOSS","","",""
"places-23","places","1122650","ホテル","ホテル","khách sạn","hotel","A","PENDING_REVIEW","1","1","1","1","PASS","PASS","PASS","PASS","","","",""
"places-24","places","1553130","旅館","りょかん","nhà trọ kiểu Nhật","Japanese inn","A","PENDING_REVIEW","","2","1","2","FAIL","PASS","PASS","PASS","MISSING_VI_GLOSS","","",""
"places-25","places","1252410","警察署","けいさつしょ","đồn cảnh sát","police station","A","PENDING_REVIEW","","1","1","1","FAIL","PASS","PASS","PASS","MISSING_ALIAS","","",""
"places-26","places","1350370","消防署","しょうぼうしょ","trạm cứu hỏa","fire station","A","PENDING_REVIEW","","1","1","1","FAIL","PASS","PASS","PASS","MISSING_VI_GLOSS","","",""
"places-27","places","1308760","市役所","しやくしょ","tòa thị chính","city hall","A","PENDING_REVIEW","","3","1","3","FAIL","PASS","PASS","PASS","MISSING_VI_GLOSS","","",""
"places-28","places","1084810","トイレ","トイレ","nhà vệ sinh","toilet","A","PENDING_REVIEW","1","","1","1","PASS","FAIL","PASS","PASS","","WRONG_ENTRY_RANKING","",""
"places-29","places","1486680","美容院","びよういん","tiệm làm tóc","hair salon","A","PENDING_REVIEW","","","1","2","FAIL","FAIL","PASS","PASS","MISSING_VI_GLOSS","MISSING_ALIAS","",""
"places-30","places","1409230","体育館","たいいくかん","nhà thể thao","gymnasium","A","PENDING_REVIEW","","1","1","2","FAIL","PASS","PASS","PASS","MISSING_VI_GLOSS","","",""
"family-01","family","1192150","家族","かぞく","gia đình","family","C","PENDING_REVIEW","1","1","1","1","PASS","PASS","PASS","PASS","","","",""
"family-02","family","1497610","父","ちち","bố","father","C","PENDING_REVIEW","1","3","1","1","PASS","PASS","PASS","PASS","","","",""
"family-03","family","1514990","母","はは","mẹ","mother","C","PENDING_REVIEW","1","1","2","1","PASS","PASS","PASS","PASS","","","",""
"family-04","family","1602710","両親","りょうしん","cha mẹ","parents","C","PENDING_REVIEW","","2","1","1","FAIL","PASS","PASS","PASS","MISSING_VI_GLOSS","","",""
"family-05","family","1396840","祖父","そふ","ông","grandfather","C","PENDING_REVIEW","","1","1","1","FAIL","PASS","PASS","PASS","MISSING_VI_GLOSS","","",""
"family-06","family","1396860","祖母","そぼ","bà","grandmother","C","PENDING_REVIEW","","2","1","3","FAIL","PASS","PASS","PASS","MISSING_VI_GLOSS","","",""
"family-07","family","1249900","兄","あに","anh trai","older brother","C","PENDING_REVIEW","1","5","1","1","PASS","PASS","PASS","PASS","","","",""
"family-08","family","1307630","姉","あね","chị gái","older sister","C","PENDING_REVIEW","1","5","1","1","PASS","PASS","PASS","PASS","","","",""
"family-09","family","1581930","弟","おとうと","em trai","younger brother","C","PENDING_REVIEW","1","3","1","1","PASS","PASS","PASS","PASS","","","",""
"family-10","family","1524590","妹","いもうと","em gái","younger sister","C","PENDING_REVIEW","1","1","1","1","PASS","PASS","PASS","PASS","","","",""
"family-11","family","1404390","息子","むすこ","con trai","son","C","PENDING_REVIEW","","12","1","7","FAIL","FAIL","PASS","PASS","MISSING_VI_GLOSS","WRONG_ENTRY_RANKING","",""
"family-12","family","1531190","娘","むすめ","con gái","daughter","C","PENDING_REVIEW","","2","1","1","FAIL","PASS","PASS","PASS","MISSING_VI_GLOSS","","",""
"family-13","family","1496480","夫","おっと","chồng","husband","C","PENDING_REVIEW","","1","1","1","FAIL","PASS","PASS","PASS","MISSING_VI_GLOSS","","",""
"family-14","family","1294330","妻","つま","vợ","wife","C","PENDING_REVIEW","","6","1","1","FAIL","PASS","PASS","PASS","MISSING_VI_GLOSS","","",""
"family-15","family","1307850","子供","こども","trẻ em","child","C","PENDING_REVIEW","1","","1","1","PASS","FAIL","PASS","PASS","","WRONG_ENTRY_RANKING","",""
"family-16","family","1383260","赤ちゃん","あかちゃん","em bé","baby","C","PENDING_REVIEW","","","1","8","FAIL","FAIL","PASS","PASS","MISSING_VI_GLOSS","WRONG_ENTRY_RANKING","",""
"family-17","family","1540170","友達","ともだち","bạn bè","friend","C","PENDING_REVIEW","1","","1","1","PASS","FAIL","PASS","PASS","","WRONG_ENTRY_RANKING","",""
"family-18","family","1558920","恋人","こいびと","người yêu","sweetheart","C","PENDING_REVIEW","","3","1","4","FAIL","PASS","PASS","PASS","MISSING_VI_GLOSS","","",""
"family-19","family","1555850","隣人","りんじん","hàng xóm","neighbor","C","PENDING_REVIEW","","","1","3","FAIL","FAIL","PASS","PASS","MISSING_VI_GLOSS","WRONG_ENTRY_RANKING","",""
"family-20","family","1365230","親戚","しんせき","họ hàng","relative","C","PENDING_REVIEW","","","1","4","FAIL","FAIL","PASS","PASS","MISSING_VI_GLOSS","WRONG_ENTRY_RANKING","",""
"family-21","family","1179140","甥","おい","cháu trai","nephew","C","PENDING_REVIEW","","1","1","1","FAIL","PASS","PASS","PASS","MISSING_VI_GLOSS","","",""
"family-22","family","1532940","姪","めい","cháu gái","niece","C","PENDING_REVIEW","","1","1","1","FAIL","PASS","PASS","PASS","MISSING_VI_GLOSS","","",""
"family-23","family","1406230","孫","まご","cháu","grandchild","C","PENDING_REVIEW","","1","1","1","FAIL","PASS","PASS","PASS","MISSING_VI_GLOSS","","",""
"family-24","family","1420160","男性","だんせい","nam giới","man","C","PENDING_REVIEW","","","1","7","FAIL","FAIL","PASS","PASS","MISSING_VI_GLOSS","WRONG_ENTRY_RANKING","",""
"family-25","family","1345250","女性","じょせい","nữ giới","woman","C","PENDING_REVIEW","","","1","7","FAIL","FAIL","PASS","PASS","MISSING_VI_GLOSS","WRONG_ENTRY_RANKING","",""
"family-26","family","1414170","大人","おとな","người lớn","adult","C","PENDING_REVIEW","","","1","1","FAIL","FAIL","PASS","PASS","MISSING_VI_GLOSS","WRONG_ENTRY_RANKING","",""
"family-27","family","1453580","同僚","どうりょう","đồng nghiệp","colleague","C","PENDING_REVIEW","","6","1","6","FAIL","PASS","PASS","PASS","MISSING_VI_GLOSS","","",""
"family-28","family","1226630","客","きゃく","khách","guest","C","PENDING_REVIEW","","","1","1","FAIL","FAIL","PASS","PASS","MISSING_VI_GLOSS","WRONG_ENTRY_RANKING","",""
"family-29","family","1334210","住民","じゅうみん","cư dân","resident","C","PENDING_REVIEW","","","1","10","FAIL","FAIL","PASS","PASS","MISSING_VI_GLOSS","WRONG_ENTRY_RANKING","",""
"weather-nature-01","weather-nature","1438690","天気","てんき","thời tiết","weather","A","PENDING_REVIEW","1","3","1","1","PASS","PASS","PASS","PASS","","","",""
"weather-nature-02","weather-nature","1171900","雨","あめ","mưa","rain","A","PENDING_REVIEW","1","1","1","1","PASS","PASS","PASS","PASS","","","",""
"weather-nature-03","weather-nature","1386500","雪","ゆき","tuyết","snow","A","PENDING_REVIEW","1","","1","1","PASS","FAIL","PASS","PASS","","WRONG_ENTRY_RANKING","",""
"weather-nature-04","weather-nature","1499720","風","かぜ","gió","wind","A","PENDING_REVIEW","","","1","1","FAIL","FAIL","PASS","PASS","MISSING_VI_GLOSS","WRONG_ENTRY_RANKING","",""
"weather-nature-05","weather-nature","1173100","雲","くも","mây","cloud","A","PENDING_REVIEW","","1","1","1","FAIL","PASS","PASS","PASS","MISSING_VI_GLOSS","","",""
"weather-nature-06","weather-nature","1531110","霧","きり","sương mù","fog","A","PENDING_REVIEW","","","1","1","FAIL","FAIL","PASS","PASS","MISSING_VI_GLOSS","WRONG_ENTRY_RANKING","",""
"weather-nature-07","weather-nature","1585060","雷","かみなり","sấm","thunder","A","PENDING_REVIEW","","","1","13","FAIL","FAIL","PASS","FAIL","MISSING_VI_GLOSS","WRONG_ENTRY_RANKING","","WRONG_ENTRY_RANKING"
"weather-nature-08","weather-nature","1549340","嵐","あらし","bão","storm","A","PENDING_REVIEW","","1","1","1","FAIL","PASS","PASS","PASS","MISSING_VI_GLOSS","","",""
"weather-nature-09","weather-nature","1596780","台風","たいふう","bão nhiệt đới","typhoon","A","PENDING_REVIEW","","4","1","1","FAIL","PASS","PASS","PASS","MISSING_VI_GLOSS","","",""
"weather-nature-10","weather-nature","1463740","虹","にじ","cầu vồng","rainbow","A","PENDING_REVIEW","","1","1","1","FAIL","PASS","PASS","PASS","MISSING_VI_GLOSS","","",""
"weather-nature-11","weather-nature","1408370","太陽","たいよう","mặt trời","sun","A","PENDING_REVIEW","","2","1","4","FAIL","PASS","PASS","PASS","MISSING_VI_GLOSS","","",""
"weather-nature-12","weather-nature","1255430","月","つき","mặt trăng","moon","A","PENDING_REVIEW","","1","1","1","FAIL","PASS","PASS","PASS","MISSING_VI_GLOSS","","",""
"weather-nature-13","weather-nature","1376310","星","ほし","ngôi sao","star","A","PENDING_REVIEW","","2","1","1","FAIL","PASS","PASS","PASS","MISSING_VI_GLOSS","","",""
"weather-nature-14","weather-nature","1245290","空","そら","bầu trời","sky","A","PENDING_REVIEW","","","1","3","FAIL","FAIL","PASS","PASS","MISSING_VI_GLOSS","WRONG_ENTRY_RANKING","",""
"weather-nature-15","weather-nature","1201190","海","うみ","biển","sea","A","PENDING_REVIEW","","","1","1","FAIL","FAIL","PASS","PASS","MISSING_VI_GLOSS","WRONG_ENTRY_RANKING","",""
"weather-nature-16","weather-nature","1390020","川","かわ","sông","river","A","PENDING_REVIEW","","1","1","1","FAIL","PASS","PASS","PASS","MISSING_VI_GLOSS","","",""
"weather-nature-17","weather-nature","1267280","湖","みずうみ","hồ","lake","A","PENDING_REVIEW","","1","1","2","FAIL","PASS","PASS","PASS","MISSING_VI_GLOSS","","",""
"weather-nature-18","weather-nature","1302680","山","やま","núi","mountain","A","PENDING_REVIEW","","3","1","2","FAIL","PASS","PASS","PASS","MISSING_VI_GLOSS","","",""
"weather-nature-19","weather-nature","1362490","森","もり","rừng","forest","A","PENDING_REVIEW","","2","1","1","FAIL","PASS","PASS","PASS","MISSING_VI_GLOSS","","",""
"weather-nature-20","weather-nature","1534520","木","き","cây","tree","A","PENDING_REVIEW","","","1","1","FAIL","FAIL","PASS","PASS","MISSING_VI_GLOSS","WRONG_ENTRY_RANKING","",""
"weather-nature-21","weather-nature","1194500","花","はな","hoa","flower","A","PENDING_REVIEW","","","1","1","FAIL","FAIL","PASS","PASS","OTHER","WRONG_ENTRY_RANKING","",""
"weather-nature-22","weather-nature","1401910","草","くさ","cỏ","grass","A","PENDING_REVIEW","","","1","1","FAIL","FAIL","PASS","PASS","MISSING_VI_GLOSS","WRONG_ENTRY_RANKING","",""
"weather-nature-23","weather-nature","1546550","葉","は","lá","leaf","A","PENDING_REVIEW","","","1","1","FAIL","FAIL","PASS","PASS","MISSING_VI_GLOSS","WRONG_ENTRY_RANKING","",""
"weather-nature-24","weather-nature","1382440","石","いし","đá","stone","A","PENDING_REVIEW","","7","1","2","FAIL","PASS","PASS","PASS","MISSING_VI_GLOSS","","",""
"weather-nature-25","weather-nature","1291500","砂","すな","cát","sand","A","PENDING_REVIEW","","","1","1","FAIL","FAIL","PASS","PASS","MISSING_VI_GLOSS","WRONG_ENTRY_RANKING","",""
"weather-nature-26","weather-nature","1445270","土","つち","đất","soil","A","PENDING_REVIEW","","","1","6","FAIL","FAIL","PASS","PASS","MISSING_VI_GLOSS","WRONG_ENTRY_RANKING","",""
"weather-nature-27","weather-nature","1341000","春","はる","mùa xuân","spring","C","PENDING_REVIEW","1","","1","1","PASS","FAIL","PASS","PASS","","WRONG_ENTRY_RANKING","",""
"weather-nature-28","weather-nature","1191320","夏","なつ","mùa hè","summer","A","PENDING_REVIEW","1","1","1","1","PASS","PASS","PASS","PASS","","","",""
"weather-nature-29","weather-nature","1332650","秋","あき","mùa thu","autumn","A","PENDING_REVIEW","1","","1","1","PASS","FAIL","PASS","PASS","","WRONG_ENTRY_RANKING","",""
"weather-nature-30","weather-nature","1446070","冬","ふゆ","mùa đông","winter","A","PENDING_REVIEW","1","1","1","1","PASS","PASS","PASS","PASS","","","",""
"emotions-personality-01","emotions-personality","1219510","嬉しい","うれしい","vui mừng","glad","A","PENDING_REVIEW","","5","1","1","FAIL","PASS","PASS","PASS","MISSING_VI_GLOSS","","",""
"emotions-personality-02","emotions-personality","1483190","悲しい","かなしい","buồn","sad","A","PENDING_REVIEW","","","1","4","FAIL","FAIL","PASS","PASS","MISSING_VI_GLOSS","WRONG_ENTRY_RANKING","",""
"emotions-personality-03","emotions-personality","1445690","怒る","おこる","tức giận","get angry","A","PENDING_REVIEW","","2","1","2","FAIL","PASS","PASS","PASS","MISSING_VI_GLOSS","","",""
"emotions-personality-04","emotions-personality","1207240","楽しい","たのしい","vui vẻ","enjoyable","A","PENDING_REVIEW","","1","1","1","FAIL","PASS","PASS","PASS","MISSING_ALIAS","","",""
"emotions-personality-05","emotions-personality","1579720","寂しい","さびしい","cô đơn","lonely","A","PENDING_REVIEW","","14","1","8","FAIL","FAIL","PASS","PASS","MISSING_VI_GLOSS","WRONG_ENTRY_RANKING","",""
"emotions-personality-06","emotions-personality","1593480","怖い","こわい","đáng sợ","scary","A","PENDING_REVIEW","","3","1","1","FAIL","PASS","PASS","PASS","MISSING_VI_GLOSS","","",""
"emotions-personality-07","emotions-personality","1360930","心配","しんぱい","lo lắng","worry","A","PENDING_REVIEW","","","1","4","FAIL","FAIL","PASS","PASS","MISSING_VI_GLOSS","WRONG_ENTRY_RANKING","",""
"emotions-personality-08","emotions-personality","1153890","安心","あんしん","yên tâm","relief","A","PENDING_REVIEW","","","1","16","FAIL","FAIL","PASS","FAIL","MISSING_VI_GLOSS","WRONG_ENTRY_RANKING","","WRONG_ENTRY_RANKING"
"emotions-personality-09","emotions-personality","1238680","驚く","おどろく","ngạc nhiên","be surprised","A","PENDING_REVIEW","","2","1","2","FAIL","PASS","PASS","PASS","MISSING_VI_GLOSS","","",""
"emotions-personality-10","emotions-personality","1596750","退屈","たいくつ","buồn chán","boredom","C","PENDING_REVIEW","","","1","5","FAIL","FAIL","PASS","PASS","MISSING_VI_GLOSS","MISSING_ALIAS","",""
"emotions-personality-11","emotions-personality","1421630","恥ずかしい","はずかしい","xấu hổ","embarrassed","A","PENDING_REVIEW","","","1","11","FAIL","FAIL","PASS","FAIL","MISSING_VI_GLOSS","WRONG_ENTRY_RANKING","","WRONG_ENTRY_RANKING"
"emotions-personality-12","emotions-personality","1241880","緊張","きんちょう","căng thẳng","tension","A","PENDING_REVIEW","","","1","3","FAIL","FAIL","PASS","PASS","MISSING_VI_GLOSS","WRONG_ENTRY_RANKING","",""
"emotions-personality-13","emotions-personality","1539040","優しい","やさしい","dịu dàng","gentle","A","PENDING_REVIEW","","","1","16","FAIL","FAIL","PASS","FAIL","MISSING_VI_GLOSS","WRONG_ENTRY_RANKING","","WRONG_ENTRY_RANKING"
"emotions-personality-14","emotions-personality","1365250","親切","しんせつ","tử tế","kind","A","PENDING_REVIEW","","","1","5","FAIL","FAIL","PASS","PASS","MISSING_VI_GLOSS","WRONG_ENTRY_RANKING","",""
"emotions-personality-15","emotions-personality","1377590","正直","しょうじき","trung thực","honest","A","PENDING_REVIEW","","","1","5","FAIL","FAIL","PASS","PASS","MISSING_VI_GLOSS","WRONG_ENTRY_RANKING","",""
"emotions-personality-16","emotions-personality","1364360","真面目","まじめ","nghiêm túc","serious","A","PENDING_REVIEW","","","1","7","FAIL","FAIL","PASS","PASS","MISSING_VI_GLOSS","WRONG_ENTRY_RANKING","",""
"emotions-personality-17","emotions-personality","1539730","勇敢","ゆうかん","dũng cảm","brave","A","PENDING_REVIEW","","","1","2","FAIL","FAIL","PASS","PASS","MISSING_VI_GLOSS","WRONG_ENTRY_RANKING","",""
"emotions-personality-18","emotions-personality","1182790","臆病","おくびょう","nhút nhát","timid","A","PENDING_REVIEW","","6","1","9","FAIL","PASS","PASS","PASS","MISSING_VI_GLOSS","","",""
"emotions-personality-19","emotions-personality","1217680","頑固","がんこ","bướng bỉnh","stubborn","A","PENDING_REVIEW","","","1","1","FAIL","FAIL","PASS","PASS","MISSING_VI_GLOSS","WRONG_ENTRY_RANKING","",""
"emotions-personality-20","emotions-personality","1197020","我儘","わがまま","ích kỷ","selfish","A","PENDING_REVIEW","","","1","4","FAIL","FAIL","PASS","PASS","MISSING_VI_GLOSS","WRONG_ENTRY_RANKING","",""
"emotions-personality-21","emotions-personality","1557490","礼儀正しい","れいぎただしい","lễ phép","polite","A","PENDING_REVIEW","","","1","10","FAIL","FAIL","PASS","PASS","MISSING_VI_GLOSS","WRONG_ENTRY_RANKING","",""
"emotions-personality-22","emotions-personality","1320230","失礼","しつれい","bất lịch sự","rude","A","PENDING_REVIEW","","1","1","","FAIL","PASS","PASS","FAIL","MISSING_VI_GLOSS","","","WRONG_ENTRY_RANKING"
"emotions-personality-23","emotions-personality","1183590","穏やか","おだやか","điềm đạm","calm","A","PENDING_REVIEW","","","1","15","FAIL","FAIL","PASS","FAIL","MISSING_VI_GLOSS","WRONG_ENTRY_RANKING","","WRONG_ENTRY_RANKING"
"technology-01","technology","1053350","コンピュータ","コンピュータ","máy tính","computer","A","PENDING_REVIEW","","","1","5","FAIL","FAIL","PASS","PASS","MISSING_VI_GLOSS","WRONG_ENTRY_RANKING","",""
"technology-02","technology","2257490","ノートパソコン","ノートパソコン","máy tính xách tay","laptop","A","PENDING_REVIEW","","7","1","3","FAIL","PASS","PASS","PASS","MISSING_VI_GLOSS","","",""
"technology-03","technology","2304550","スマートフォン","スマートフォン","điện thoại thông minh","smartphone","A","PENDING_REVIEW","","","1","2","FAIL","FAIL","PASS","PASS","MISSING_VI_GLOSS","WRONG_ENTRY_RANKING","",""
"technology-04","technology","1250690","携帯電話","けいたいでんわ","điện thoại di động","mobile phone","A","PENDING_REVIEW","1","","1","1","PASS","FAIL","PASS","PASS","","WRONG_ENTRY_RANKING","",""
"technology-05","technology","1443840","電話","でんわ","điện thoại","telephone","A","PENDING_REVIEW","1","2","1","7","PASS","PASS","PASS","PASS","","","",""
"technology-06","technology","1040910","キーボード","キーボード","bàn phím","keyboard","A","PENDING_REVIEW","","1","1","2","FAIL","PASS","PASS","PASS","MISSING_VI_GLOSS","","",""
"technology-07","technology","1127140","マウス","マウス","chuột máy tính","computer mouse","C","PENDING_REVIEW","","","1","1","FAIL","FAIL","PASS","PASS","MISSING_VI_GLOSS","MISSING_ALIAS","",""
"technology-08","technology","1197610","画面","がめん","màn hình","screen","A","PENDING_REVIEW","","8","1","2","FAIL","PASS","PASS","PASS","MISSING_VI_GLOSS","","",""
"technology-09","technology","1116270","プリンタ","プリンタ","máy in","printer","A","PENDING_REVIEW","","3","1","4","FAIL","PASS","PASS","PASS","MISSING_VI_GLOSS","","",""
"technology-10","technology","1067970","スキャナー","スキャナー","máy quét","scanner","A","PENDING_REVIEW","","2","1","2","FAIL","PASS","PASS","PASS","MISSING_VI_GLOSS","","",""
"technology-11","technology","1038350","カメラ","カメラ","máy ảnh","camera","A","PENDING_REVIEW","","1","1","1","FAIL","PASS","PASS","PASS","MISSING_VI_GLOSS","","",""
"technology-12","technology","1021880","イヤホン","イヤホン","tai nghe","earphones","A","PENDING_REVIEW","","2","1","1","FAIL","PASS","PASS","PASS","MISSING_VI_GLOSS","","",""
"technology-13","technology","1072240","スピーカー","スピーカー","loa","speaker","A","PENDING_REVIEW","","","1","9","FAIL","FAIL","PASS","PASS","MISSING_VI_GLOSS","WRONG_ENTRY_RANKING","",""
"technology-14","technology","1334400","充電器","じゅうでんき","bộ sạc","charger","A","PENDING_REVIEW","","4","1","1","FAIL","PASS","PASS","PASS","MISSING_VI_GLOSS","","",""
"technology-15","technology","1443620","電池","でんち","pin","battery","A","PENDING_REVIEW","","","1","3","FAIL","FAIL","PASS","PASS","MISSING_VI_GLOSS","WRONG_ENTRY_RANKING","",""
"technology-16","technology","1048000","ケーブル","ケーブル","dây cáp","cable","A","PENDING_REVIEW","","15","1","4","FAIL","FAIL","PASS","PASS","MISSING_VI_GLOSS","WRONG_ENTRY_RANKING","",""
"technology-17","technology","1075510","ソフトウェア","ソフトウェア","phần mềm","software","A","PENDING_REVIEW","","","1","1","FAIL","FAIL","PASS","PASS","MISSING_VI_GLOSS","WRONG_ENTRY_RANKING","",""
"technology-18","technology","1018190","アプリ","アプリ","ứng dụng","app","A","PENDING_REVIEW","","","1","1","FAIL","FAIL","PASS","PASS","MISSING_VI_GLOSS","WRONG_ENTRY_RANKING","",""
"technology-19","technology","1022880","インターネット","インターネット","mạng internet","internet","A","PENDING_REVIEW","","","1","2","FAIL","FAIL","PASS","PASS","MISSING_VI_GLOSS","WRONG_ENTRY_RANKING","",""
"technology-20","technology","1986140","ウェブサイト","ウェブサイト","trang web","website","A","PENDING_REVIEW","","","1","2","FAIL","FAIL","PASS","PASS","MISSING_VI_GLOSS","WRONG_ENTRY_RANKING","",""
"technology-21","technology","1132620","メール","メール","thư điện tử","email","A","PENDING_REVIEW","","9","1","1","FAIL","PASS","PASS","PASS","MISSING_VI_GLOSS","","",""
"technology-22","technology","1101520","パスワード","パスワード","mật khẩu","password","A","PENDING_REVIEW","","2","1","4","FAIL","PASS","PASS","PASS","MISSING_VI_GLOSS","","",""
"technology-23","technology","1107800","ファイル","ファイル","tệp","file","A","PENDING_REVIEW","","","1","2","FAIL","FAIL","PASS","PASS","MISSING_VI_GLOSS","WRONG_ENTRY_RANKING","",""
"technology-24","technology","1110750","フォルダ","フォルダ","thư mục","folder","A","PENDING_REVIEW","","1","1","1","FAIL","PASS","PASS","PASS","MISSING_VI_GLOSS","","",""
"technology-25","technology","1081190","データ","データ","dữ liệu","data","A","PENDING_REVIEW","","","1","1","FAIL","FAIL","PASS","PASS","MISSING_VI_GLOSS","WRONG_ENTRY_RANKING","",""
"technology-26","technology","1257900","検索","けんさく","tìm kiếm","search","A","PENDING_REVIEW","","10","1","8","FAIL","PASS","PASS","PASS","MISSING_VI_GLOSS","","",""
"technology-27","technology","1077010","ダウンロード","ダウンロード","tải xuống","download","A","PENDING_REVIEW","","2","1","2","FAIL","PASS","PASS","PASS","MISSING_VI_GLOSS","","",""
"technology-28","technology","1016710","アップロード","アップロード","tải lên","upload","A","PENDING_REVIEW","","3","1","3","FAIL","PASS","PASS","PASS","MISSING_VI_GLOSS","","",""
"technology-29","technology","1168190","印刷","いんさつ","in ấn","printing","A","PENDING_REVIEW","","2","1","3","FAIL","PASS","PASS","PASS","MISSING_VI_GLOSS","","",""
"technology-30","technology","1443220","電源","でんげん","nguồn điện","power supply","A","PENDING_REVIEW","","","1","7","FAIL","FAIL","PASS","PASS","MISSING_VI_GLOSS","MISSING_ALIAS","",""
"daily-verbs-01","daily-verbs","1358280","食べる","たべる","ăn","eat","A","PENDING_REVIEW","1","1","1","1","PASS","PASS","PASS","PASS","","","",""
"daily-verbs-02","daily-verbs","1169870","飲む","のむ","uống","drink","A","PENDING_REVIEW","1","","1","1","PASS","FAIL","PASS","PASS","","WRONG_ENTRY_RANKING","",""
"daily-verbs-03","daily-verbs","1360010","寝る","ねる","ngủ","sleep","A","PENDING_REVIEW","1","3","1","1","PASS","PASS","PASS","PASS","","","",""
"daily-verbs-04","daily-verbs","1223640","起きる","おきる","thức dậy","wake up","A","PENDING_REVIEW","1","1","1","10","PASS","PASS","PASS","PASS","","","",""
"daily-verbs-05","daily-verbs","1473740","買う","かう","mua","buy","A","PENDING_REVIEW","2","","2","1","PASS","FAIL","PASS","PASS","","WRONG_ENTRY_RANKING","",""
"daily-verbs-06","daily-verbs","1473950","売る","うる","bán","sell","A","PENDING_REVIEW","","5","1","1","FAIL","PASS","PASS","PASS","MISSING_VI_GLOSS","","",""
"daily-verbs-07","daily-verbs","1514320","歩く","あるく","đi bộ","walk","A","PENDING_REVIEW","1","1","1","1","PASS","PASS","PASS","PASS","","","",""
"daily-verbs-08","daily-verbs","1402540","走る","はしる","chạy","run","A","PENDING_REVIEW","","16","1","6","FAIL","FAIL","PASS","PASS","MISSING_VI_GLOSS","WRONG_ENTRY_RANKING","",""
"daily-verbs-09","daily-verbs","1202450","開ける","あける","mở","open","A","PENDING_REVIEW","1","1","1","1","PASS","PASS","PASS","PASS","","","",""
"daily-verbs-10","daily-verbs","1508590","閉める","しめる","đóng","close","A","PENDING_REVIEW","1","","1","1","PASS","FAIL","PASS","PASS","","WRONG_ENTRY_RANKING","",""
"daily-verbs-11","daily-verbs","1390930","洗う","あらう","rửa","wash","A","PENDING_REVIEW","1","1","1","1","PASS","PASS","PASS","PASS","","","",""
"daily-verbs-12","daily-verbs","1554310","料理","りょうり","nấu ăn","cooking","C","PENDING_REVIEW","","","1","2","FAIL","FAIL","PASS","PASS","MISSING_VI_GLOSS","WRONG_ENTRY_RANKING","",""
"daily-verbs-13","daily-verbs","1451150","働く","はたらく","làm việc","work","A","PENDING_REVIEW","1","3","1","2","PASS","PASS","PASS","PASS","","","",""
"daily-verbs-14","daily-verbs","1512670","勉強","べんきょう","học","study","C","PENDING_REVIEW","2","2","2","1","PASS","PASS","PASS","PASS","","","",""
"daily-verbs-15","daily-verbs","1456360","読む","よむ","đọc","read","A","PENDING_REVIEW","1","1","1","1","PASS","PASS","PASS","PASS","","","",""
"daily-verbs-16","daily-verbs","1343950","書く","かく","viết","write","A","PENDING_REVIEW","1","","1","1","PASS","FAIL","PASS","PASS","","WRONG_ENTRY_RANKING","",""
"daily-verbs-17","daily-verbs","1591110","聞く","きく","nghe","listen","A","PENDING_REVIEW","1","1","1","7","PASS","PASS","PASS","PASS","","","",""
"daily-verbs-18","daily-verbs","1562350","話す","はなす","nói","speak","A","PENDING_REVIEW","3","2","1","7","PASS","PASS","PASS","PASS","","","",""
"daily-verbs-19","daily-verbs","1259290","見る","みる","xem","see","A","PENDING_REVIEW","1","1","1","1","PASS","PASS","PASS","PASS","","","",""
"daily-verbs-20","daily-verbs","1578850","行く","いく","đi","go","A","PENDING_REVIEW","2","6","2","1","PASS","PASS","PASS","PASS","","","",""
"daily-verbs-21","daily-verbs","1547720","来る","くる","đến","come","A","PENDING_REVIEW","1","4","1","1","PASS","PASS","PASS","PASS","","","",""
"daily-verbs-22","daily-verbs","1221270","帰る","かえる","về","return home","A","PENDING_REVIEW","3","","3","1","PASS","FAIL","PASS","PASS","","MISSING_ALIAS","",""
"daily-verbs-23","daily-verbs","1410590","待つ","まつ","chờ","wait","A","PENDING_REVIEW","1","1","1","1","PASS","PASS","PASS","PASS","","","",""
"daily-verbs-24","daily-verbs","1198180","会う","あう","gặp","meet","A","PENDING_REVIEW","","","1","1","FAIL","FAIL","PASS","PASS","MISSING_VI_GLOSS","WRONG_ENTRY_RANKING","",""
"daily-verbs-25","daily-verbs","1305990","使う","つかう","dùng","use","A","PENDING_REVIEW","1","2","1","1","PASS","PASS","PASS","PASS","","","",""
"daily-verbs-26","daily-verbs","1597890","作る","つくる","làm ra","make","A","PENDING_REVIEW","","2","1","1","FAIL","PASS","PASS","PASS","MISSING_ALIAS","","",""
"daily-verbs-27","daily-verbs","1315720","持つ","もつ","cầm","hold","A","PENDING_REVIEW","","13","1","2","FAIL","FAIL","PASS","PASS","MISSING_VI_GLOSS","WRONG_ENTRY_RANKING","",""
"daily-verbs-28","daily-verbs","1421850","置く","おく","đặt","put","A","PENDING_REVIEW","","","1","1","FAIL","FAIL","PASS","PASS","MISSING_VI_GLOSS","WRONG_ENTRY_RANKING","",""
"daily-verbs-29","daily-verbs","1291800","座る","すわる","ngồi","sit","A","PENDING_REVIEW","","3","1","3","FAIL","PASS","PASS","PASS","MISSING_VI_GLOSS","","",""
"daily-verbs-30","daily-verbs","1597040","立つ","たつ","đứng","stand","A","PENDING_REVIEW","","","1","5","FAIL","FAIL","PASS","PASS","MISSING_VI_GLOSS","WRONG_ENTRY_RANKING","",""
"daily-verbs-31","daily-verbs","1174340","泳ぐ","およぐ","bơi","swim","A","PENDING_REVIEW","1","1","1","1","PASS","PASS","PASS","PASS","","","",""
"daily-verbs-32","daily-verbs","1542160","遊ぶ","あそぶ","chơi","play","A","PENDING_REVIEW","1","2","1","1","PASS","PASS","PASS","PASS","","","",""
"daily-verbs-33","daily-verbs","1588120","歌う","うたう","hát","sing","A","PENDING_REVIEW","","4","1","2","FAIL","PASS","PASS","PASS","MISSING_VI_GLOSS","","",""
"daily-verbs-34","daily-verbs","1538440","踊る","おどる","nhảy múa","dance","A","PENDING_REVIEW","","18","1","3","FAIL","FAIL","PASS","PASS","MISSING_VI_GLOSS","WRONG_ENTRY_RANKING","",""
"daily-verbs-35","daily-verbs","1351360","笑う","わらう","cười","laugh","A","PENDING_REVIEW","","4","1","3","FAIL","PASS","PASS","PASS","MISSING_VI_GLOSS","","",""
"daily-verbs-36","daily-verbs","1229840","泣く","なく","khóc","cry","A","PENDING_REVIEW","","","1","3","FAIL","FAIL","PASS","PASS","MISSING_VI_GLOSS","WRONG_ENTRY_RANKING","",""
"daily-verbs-37","daily-verbs","1236900","教える","おしえる","dạy","teach","A","PENDING_REVIEW","1","1","1","1","PASS","PASS","PASS","PASS","","","",""
"daily-verbs-38","daily-verbs","1206050","覚える","おぼえる","ghi nhớ","memorize","A","PENDING_REVIEW","","1","1","1","FAIL","PASS","PASS","PASS","MISSING_VI_GLOSS","","",""
"daily-verbs-39","daily-verbs","1519210","忘れる","わすれる","quên","forget","A","PENDING_REVIEW","","3","1","1","FAIL","PASS","PASS","PASS","MISSING_VI_GLOSS","","",""
"daily-verbs-40","daily-verbs","1328190","手伝う","てつだう","giúp đỡ","help","A","PENDING_REVIEW","","","1","11","FAIL","FAIL","PASS","FAIL","MISSING_VI_GLOSS","WRONG_ENTRY_RANKING","","WRONG_ENTRY_RANKING"
"adjectives-01","adjectives","1588880","大きい","おおきい","to","big","A","PENDING_REVIEW","","","1","1","FAIL","FAIL","PASS","PASS","OTHER","WRONG_ENTRY_RANKING","",""
"adjectives-02","adjectives","1347750","小さい","ちいさい","nhỏ","small","A","PENDING_REVIEW","1","2","1","1","PASS","PASS","PASS","PASS","","","",""
"adjectives-03","adjectives","1343460","暑い","あつい","trời nóng","hot weather","C","PENDING_REVIEW","","","1","1","FAIL","FAIL","PASS","PASS","MISSING_VI_GLOSS","MISSING_ALIAS","",""
"adjectives-04","adjectives","1210360","寒い","さむい","trời lạnh","cold weather","C","PENDING_REVIEW","","","1","2","FAIL","FAIL","PASS","PASS","MISSING_VI_GLOSS","MISSING_ALIAS","",""
"adjectives-05","adjectives","1467720","熱い","あつい","nóng","hot to touch","C","PENDING_REVIEW","","","1","1","FAIL","FAIL","PASS","PASS","MISSING_VI_GLOSS","MISSING_ALIAS","",""
"adjectives-06","adjectives","1556730","冷たい","つめたい","lạnh","cold to touch","C","PENDING_REVIEW","","","1","1","FAIL","FAIL","PASS","PASS","MISSING_VI_GLOSS","MISSING_ALIAS","",""
"adjectives-07","adjectives","1404975","早い","はやい","nhanh","fast","C","PENDING_REVIEW","","11","1","3","FAIL","FAIL","PASS","PASS","MISSING_VI_GLOSS","WRONG_ENTRY_RANKING","",""
"adjectives-08","adjectives","1421970","遅い","おそい","chậm","slow","A","PENDING_REVIEW","","15","1","4","FAIL","FAIL","PASS","PASS","MISSING_VI_GLOSS","WRONG_ENTRY_RANKING","",""
"adjectives-09","adjectives","1283190","高い","たかい","đắt","expensive","C","PENDING_REVIEW","1","","1","6","PASS","FAIL","PASS","PASS","","WRONG_ENTRY_RANKING","",""
"adjectives-10","adjectives","1153670","安い","やすい","rẻ","cheap","A","PENDING_REVIEW","1","","1","1","PASS","FAIL","PASS","PASS","","WRONG_ENTRY_RANKING","",""
"adjectives-11","adjectives","1591900","綺麗","きれい","sạch đẹp","beautiful","C","PENDING_REVIEW","","","1","18","FAIL","FAIL","PASS","FAIL","MISSING_VI_GLOSS","WRONG_ENTRY_RANKING","","WRONG_ENTRY_RANKING"
"adjectives-12","adjectives","1178940","汚い","きたない","bẩn","dirty","A","PENDING_REVIEW","","","1","1","FAIL","FAIL","PASS","PASS","MISSING_VI_GLOSS","WRONG_ENTRY_RANKING","",""
"adjectives-13","adjectives","1361490","新しい","あたらしい","mới","new","A","PENDING_REVIEW","1","","1","1","PASS","FAIL","PASS","PASS","","WRONG_ENTRY_RANKING","",""
"adjectives-14","adjectives","1265070","古い","ふるい","cũ","old","A","PENDING_REVIEW","1","","1","1","PASS","FAIL","PASS","PASS","","WRONG_ENTRY_RANKING","",""
"adjectives-15","adjectives","1429750","長い","ながい","dài","long","A","PENDING_REVIEW","","","1","2","FAIL","FAIL","PASS","PASS","MISSING_VI_GLOSS","WRONG_ENTRY_RANKING","",""
"adjectives-16","adjectives","1418620","短い","みじかい","ngắn","short","A","PENDING_REVIEW","","","1","4","FAIL","FAIL","PASS","PASS","MISSING_VI_GLOSS","WRONG_ENTRY_RANKING","",""
"adjectives-17","adjectives","1335750","重い","おもい","nặng","heavy","A","PENDING_REVIEW","","","1","1","FAIL","FAIL","PASS","PASS","MISSING_VI_GLOSS","WRONG_ENTRY_RANKING","",""
"adjectives-18","adjectives","1252560","軽い","かるい","nhẹ","lightweight","C","PENDING_REVIEW","","","1","3","FAIL","FAIL","PASS","PASS","MISSING_VI_GLOSS","MISSING_ALIAS","",""
"adjectives-19","adjectives","1236070","強い","つよい","mạnh","strong","A","PENDING_REVIEW","","","1","1","FAIL","FAIL","PASS","PASS","MISSING_VI_GLOSS","WRONG_ENTRY_RANKING","",""
"adjectives-20","adjectives","1324520","弱い","よわい","yếu","weak","A","PENDING_REVIEW","","8","1","2","FAIL","PASS","PASS","PASS","MISSING_VI_GLOSS","","",""
"adjectives-21","adjectives","1605820","良い","よい","tốt","good","A","PENDING_REVIEW","","","1","11","FAIL","FAIL","PASS","FAIL","MISSING_VI_GLOSS","WRONG_ENTRY_RANKING","","WRONG_ENTRY_RANKING"
"adjectives-22","adjectives","1151260","悪い","わるい","xấu","bad","A","PENDING_REVIEW","","13","1","2","FAIL","FAIL","PASS","PASS","MISSING_VI_GLOSS","WRONG_ENTRY_RANKING","",""
"adjectives-23","adjectives","1460850","難しい","むずかしい","khó","difficult","A","PENDING_REVIEW","","","1","5","FAIL","FAIL","PASS","PASS","MISSING_VI_GLOSS","WRONG_ENTRY_RANKING","",""
"adjectives-24","adjectives","1157000","易しい","やさしい","dễ","easy","A","PENDING_REVIEW","","","1","12","FAIL","FAIL","PASS","FAIL","MISSING_VI_GLOSS","WRONG_ENTRY_RANKING","","WRONG_ENTRY_RANKING"
"adjectives-25","adjectives","1486650","美味しい","おいしい","ngon","delicious","A","PENDING_REVIEW","","","1","10","FAIL","FAIL","PASS","PASS","MISSING_VI_GLOSS","WRONG_ENTRY_RANKING","",""
