1252390	警察	けいさつ	警察	けいさつ	cảnh sát; lực lượng cảnh sát	1
1252400	警察官	けいさつかん	警察官	けいさつかん	cảnh sát viên; nhân viên cảnh sát	1
1272500	交番	こうばん	交番	こうばん	đồn cảnh sát khu phố	2
1252410	警察署	けいさつしょ	警察署	けいさつしょ	trụ sở cảnh sát	3
1159930	医師	いし	医師	いし	bác sĩ; thầy thuốc (cách gọi trang trọng)	2
1928100	看護師	かんごし	看護師	かんごし	điều dưỡng; y tá	2
1490220	病院	びょういん	病院	びょういん	bệnh viện	1
1538160	薬	くすり	薬	くすり	thuốc	1
1538200	薬局	やっきょく	薬局	やっきょく	hiệu thuốc; nhà thuốc	2
1387990	先生	せんせい	先生	せんせい	thầy; cô; giáo viên; bác sĩ (cách xưng hô)	1
1237130	教師	きょうし	教師	きょうし	giáo viên	2
1206900	学生	がくせい	学生	がくせい	học sinh; sinh viên	1
1198560	会社員	かいしゃいん	会社員	かいしゃいん	nhân viên công ty	1
1440670	店員	てんいん	店員	てんいん	nhân viên cửa hàng	2
1540170	友達	ともだち	友達	ともだち	bạn bè; bạn	1
1192150	家族	かぞく	家族	かぞく	gia đình	1
1580640	人	ひと	人	ひと	người	1
1307850	子供	こども	子供	こども	trẻ em; con cái	1
1514990	母	はは	母	はは	mẹ (nói về mẹ mình)	1
1002650	お母さん	おかあさん	お母さん	おかあさん	mẹ; má (cách gọi)	1
1497610	父	ちち	父	ちち	bố; cha (nói về bố mình)	1
1002590	お父さん	おとうさん	お父さん	おとうさん	bố; ba (cách gọi)	1
1249900	兄	あに	兄	あに	anh trai (nói về anh mình)	2
1307630	姉	あね	姉	あね	chị gái (nói về chị mình)	2
1581930	弟	おとうと	弟	おとうと	em trai	2
1524590	妹	いもうと	妹	いもうと	em gái	2
1191730	家	いえ	家	いえ	nhà; căn nhà	1
1191740	家	うち	うち	うち	nhà; gia đình mình	2
1499320	部屋	へや	部屋	へや	phòng	1
1206730	学校	がっこう	学校	がっこう	trường học	1
1413240	大学	だいがく	大学	だいがく	trường đại học	1
1198550	会社	かいしゃ	会社	かいしゃ	công ty	1
1175140	駅	えき	駅	えき	nhà ga	1
1243490	銀行	ぎんこう	銀行	ぎんこう	ngân hàng	1
1542430	郵便局	ゆうびんきょく	郵便局	ゆうびんきょく	bưu điện	2
1582120	店	みせ	店	みせ	cửa hàng; tiệm	1
1066710	スーパー	スーパー	スーパー	スーパー	siêu thị	1
1053280	コンビニ	コンビニ	コンビニ	コンビニ	cửa hàng tiện lợi	1
1145310	レストラン	レストラン	レストラン	レストラン	nhà hàng	1
1226440	喫茶店	きっさてん	喫茶店	きっさてん	quán cà phê; quán giải khát	2
1273270	公園	こうえん	公園	こうえん	công viên	1
1084810	トイレ	トイレ	トイレ	トイレ	nhà vệ sinh; phòng vệ sinh	1
1245570	空港	くうこう	空港	くうこう	sân bay	2
1454080	道	みち	道	みち	đường; con đường	1
1334080	住所	じゅうしょ	住所	じゅうしょ	địa chỉ	2
1443530	電車	でんしゃ	電車	でんしゃ	tàu điện; tàu hỏa	1
1420900	地下鉄	ちかてつ	地下鉄	ちかてつ	tàu điện ngầm	2
1361590	新幹線	しんかんせん	新幹線	しんかんせん	tàu Shinkansen	2
1098390	バス	バス	バス	バス	xe buýt	1
1323080	車	くるま	車	くるま	xe hơi; ô tô	1
1318290	自転車	じてんしゃ	自転車	じてんしゃ	xe đạp	1
1076190	タクシー	タクシー	タクシー	タクシー	xe taxi	1
1371260	水	みず	水	みず	nước	1
1002430	お茶	おちゃ	お茶	おちゃ	trà	1
1422570	茶	ちゃ	茶	ちゃ	trà	2
1049180	珈琲	コーヒー	コーヒー	コーヒー	cà phê	1
1270590	ご飯	ごはん	ご飯	ごはん	cơm; bữa ăn	1
1586330	朝ごはん	あさごはん	朝ごはん	あさごはん	bữa sáng	1
1602340	昼ご飯	ひるごはん	昼ご飯	ひるごはん	bữa trưa	1
1601340	晩御飯	ばんごはん	晩ごはん	ばんごはん	bữa tối	1
1358340	食べ物	たべもの	食べ物	たべもの	đồ ăn; thức ăn	1
1358490	食事	しょくじ	食事	しょくじ	bữa ăn; việc ăn uống	2
1103090	パン	パン	パン	パン	bánh mì	1
1463520	肉	にく	肉	にく	thịt	1
1578010	魚	さかな	魚	さかな	cá	1
1537370	野菜	やさい	野菜	やさい	rau; rau củ	1
1193060	果物	くだもの	果物	くだもの	hoa quả; trái cây	1
1549140	卵	たまご	卵	たまご	trứng	1
1231590	牛乳	ぎゅうにゅう	牛乳	ぎゅうにゅう	sữa bò	1
1508750	米	こめ	米	こめ	gạo	1
1576630	塩	しお	塩	しお	muối	2
1291600	砂糖	さとう	砂糖	さとう	đường	2
1193610	火	ひ	火	ひ	lửa	1
1193950	火事	かじ	火事	かじ	đám cháy; hỏa hoạn	1
1193880	火災	かさい	火災	かさい	hỏa hoạn; vụ cháy	3
1469570	燃える	もえる	燃える	もえる	cháy; bốc cháy	2
1582900	燃やす	もやす	燃やす	もやす	đốt; làm cháy	3
1579110	今日	きょう	今日	きょう	hôm nay	1
1584660	明日	あした	明日	あした	ngày mai	1
1579260	昨日	きのう	昨日	きのう	hôm qua	1
1288850	今	いま	今	いま	bây giờ; hiện tại	1
1524720	毎日	まいにち	毎日	まいにち	mỗi ngày; hằng ngày	1
1428280	朝	あさ	朝	あさ	buổi sáng	1
1426250	昼	ひる	昼	ひる	buổi trưa; ban ngày	1
1536350	夜	よる	夜	よる	buổi tối; ban đêm	1
1315920	時間	じかん	時間	じかん	thời gian; tiếng (đơn vị thời lượng)	1
1443840	電話	でんわ	電話	でんわ	điện thoại; cuộc gọi	1
1250690	携帯電話	けいたいでんわ	携帯電話	けいたいでんわ	điện thoại di động	2
1001820	お金	おかね	お金	おかね	tiền	1
1296970	財布	さいふ	財布	さいふ	ví tiền	2
1522150	本	ほん	本	ほん	sách	1
1362360	新聞	しんぶん	新聞	しんぶん	báo	1
1321900	写真	しゃしん	写真	しゃしん	ảnh; bức ảnh	1
1304970	仕事	しごと	仕事	しごと	công việc	1
1589730	買い物	かいもの	買い物	かいもの	việc mua sắm	2
1578850	行く	いく	行く	いく	đi	1
1547720	来る	くる	来る	くる	đến; tới	1
1221270	帰る	かえる	帰る	かえる	trở về; về nhà	1
1358280	食べる	たべる	食べる	たべる	ăn	1
1169870	飲む	のむ	飲む	のむ	uống	1
1259290	見る	みる	見る	みる	xem; nhìn	1
1591110	聞く	きく	聞く	きく	nghe; hỏi	1
1562350	話す	はなす	話す	はなす	nói; trò chuyện	1
1473740	買う	かう	買う	かう	mua	1
1451150	働く	はたらく	働く	はたらく	làm việc	1
1227560	休む	やすむ	休む	やすむ	nghỉ; nghỉ ngơi	1
1360010	寝る	ねる	寝る	ねる	ngủ; đi ngủ	1
1223640	起きる	おきる	起きる	おきる	thức dậy	1
1305990	使う	つかう	使う	つかう	dùng; sử dụng	1
1410590	待つ	まつ	待つ	まつ	đợi; chờ	1
1606560	分かる	わかる	分かる	わかる	hiểu; hiểu được	1
1296400	有る	ある	ある	ある	có; tồn tại (đồ vật/sự việc)	1
1577980	居る	いる	いる	いる	có; ở (người/động vật)	1
1157170	為る	する	する	する	làm	1
1531710	名前	なまえ	名前	なまえ	tên; họ tên	1
1592250	国	くに	国	くに	đất nước; quốc gia	1
1582710	日本	にほん	日本	にほん	Nhật Bản	1
1464530	日本語	にほんご	日本語	にほんご	tiếng Nhật	1
2829945	ベトナム	ベトナム	ベトナム	ベトナム	Việt Nam	1
1419110	誕生日	たんじょうび	誕生日	たんじょうび	sinh nhật	2
1438690	天気	てんき	天気	てんき	thời tiết	1
1171900	雨	あめ	雨	あめ	mưa	1
1386500	雪	ゆき	雪	ゆき	tuyết	2
1341000	春	はる	春	はる	mùa xuân	1
1191320	夏	なつ	夏	なつ	mùa hè	1
1332650	秋	あき	秋	あき	mùa thu	1
1446070	冬	ふゆ	冬	ふゆ	mùa đông	1
1255890	月曜日	げつようび	月曜日	げつようび	thứ Hai	2
1194290	火曜日	かようび	火曜日	かようび	thứ Ba	2
1372190	水曜日	すいようび	水曜日	すいようび	thứ Tư	2
1534890	木曜日	もくようび	木曜日	もくようび	thứ Năm	2
1243320	金曜日	きんようび	金曜日	きんようび	thứ Sáu	2
1445590	土曜日	どようび	土曜日	どようび	thứ Bảy	2
1464900	日曜日	にちようび	日曜日	にちようび	Chủ nhật	2
1269060	午前	ごぜん	午前	ごぜん	buổi sáng; trước 12 giờ trưa	2
1268990	午後	ごご	午後	ごご	buổi chiều; sau 12 giờ trưa	2
1333520	週末	しゅうまつ	週末	しゅうまつ	cuối tuần	2
1159980	医者	いしゃ	医者	いしゃ	bác sĩ	1
1490230	病気	びょうき	病気	びょうき	ốm; bệnh	1
1583720	風邪	かぜ	風邪	かぜ	cảm lạnh	2
1467710	熱	ねつ	熱	ねつ	sốt; nhiệt	2
1313080	歯医者	はいしゃ	歯医者	はいしゃ	nha sĩ	2
1582310	頭	あたま	頭	あたま	đầu	1
1604890	目	め	目	め	mắt	1
1275640	口	くち	口	くち	miệng	1
1327190	手	て	手	て	tay; bàn tay	1
1404630	足	あし	足	あし	chân; bàn chân	1
1313000	歯	は	歯	は	răng	2
1432680	痛い	いたい	痛い	いたい	đau	1
1229100	救急車	きゅうきゅうしゃ	救急車	きゅうきゅうしゃ	xe cứu thương	3
1577670	メガネ	メガネ	メガネ	メガネ	kính mắt	2
1500940	服	ふく	服	ふく	quần áo	1
1246700	靴	くつ	靴	くつ	giày	1
1301940	傘	かさ	傘	かさ	ô; dù	1
1260490	鍵	かぎ	鍵	かぎ	chìa khóa	2
1316140	時計	とけい	時計	とけい	đồng hồ	1
1220210	机	つくえ	机	つくえ	bàn học; bàn làm việc	1
1157070	椅子	いす	椅子	いす	ghế	1
1119650	ベッド	ベッド	ベッド	ベッド	giường	1
1401400	窓	まど	窓	まど	cửa sổ	1
1412640	台所	だいどころ	台所	だいどころ	nhà bếp	2
1421290	地図	ちず	地図	ちず	bản đồ	2
1122650	ホテル	ホテル	ホテル	ホテル	khách sạn	1
1553170	旅行	りょこう	旅行	りょこう	du lịch; chuyến đi	1
1582820	入り口	いりぐち	入口	いりぐち	lối vào	2
1338850	出口	でぐち	出口	でぐち	lối ra	2
1171010	右	みぎ	右	みぎ	bên phải	1
1290800	左	ひだり	左	ひだり	bên trái	1
1392580	前	まえ	前	まえ	phía trước; trước	1
1269410	後ろ	うしろ	後ろ	うしろ	phía sau	1
1242160	近く	ちかく	近く	ちかく	gần; gần đây	1
1177800	遠い	とおい	遠い	とおい	xa	1
1153670	安い	やすい	安い	やすい	rẻ; giá rẻ	1
1283190	高い	たかい	高い	たかい	cao; đắt	1
1588880	大きい	おおきい	大きい	おおきい	to; lớn	1
1347750	小さい	ちいさい	小さい	ちいさい	nhỏ	1
1361490	新しい	あたらしい	新しい	あたらしい	mới	1
1265070	古い	ふるい	古い	ふるい	cũ; lâu năm	1
1519290	忙しい	いそがしい	忙しい	いそがしい	bận	1
1207240	楽しい	たのしい	楽しい	たのしい	vui; thú vị	1
1277450	好き	すき	好き	すき	thích	1
1257240	嫌い	きらい	嫌い	きらい	không thích; ghét	2
1456360	読む	よむ	読む	よむ	đọc	1
1343950	書く	かく	書く	かく	viết	1
1514320	歩く	あるく	歩く	あるく	đi bộ	1
1355120	乗る	のる	乗る	のる	lên; đi bằng (phương tiện)	1
1589500	降りる	おりる	降りる	おりる	xuống (khỏi phương tiện)	2
1597890	作る	つくる	作る	つくる	làm; chế biến; tạo ra	1
1202450	開ける	あける	開ける	あける	mở (cửa/vật)	1
1508590	閉める	しめる	閉める	しめる	đóng (cửa/vật)	1
1236900	教える	おしえる	教える	おしえる	dạy; chỉ; cho biết	1
1512670	勉強	べんきょう	勉強	べんきょう	việc học; học tập	1
1542160	遊ぶ	あそぶ	遊ぶ	あそぶ	chơi; đi chơi	1
1174340	泳ぐ	およぐ	泳ぐ	およぐ	bơi	1
1390930	洗う	あらう	洗う	あらう	rửa; giặt	1
1555480	林檎	りんご	りんご	りんご	táo	1
1099420	バナナ	バナナ	バナナ	バナナ	chuối	1
1047860	ケーキ	ケーキ	ケーキ	ケーキ	bánh ngọt; bánh kem	1
1231580	牛肉	ぎゅうにく	牛肉	ぎゅうにく	thịt bò	1
1457440	豚肉	ぶたにく	豚肉	ぶたにく	thịt heo; thịt lợn	1
1253020	鶏肉	とりにく	鶏肉	とりにく	thịt gà	1
1240670	玉ねぎ	たまねぎ	玉ねぎ	たまねぎ	hành tây	2
1065950	ジュース	ジュース	ジュース	ジュース	nước ép; nước ngọt	1
1547330	欲しい	ほしい	欲しい	ほしい	muốn có; mong muốn	1
